course_id,tag
AALO285,Undergraduate
AALO289,Undergraduate
AALO485,Advanced
AALO489,Advanced
ACCT200,Undergraduate
ACCT209,Undergraduate
ACCT210,Undergraduate
ACCT229,Undergraduate
ACCT230,Undergraduate
ACCT321,Advanced
ACCT322,Advanced
ACCT327,Advanced
ACCT328,Advanced
ACCT329,Advanced
ACCT403,Advanced
ACCT405,Advanced
ACCT407,Advanced
ACCT408,Advanced
ACCT410,Advanced
ACCT421,Advanced
ACCT427,Advanced
ACCT430,Advanced
ACCT445,Advanced
ACCT447,Advanced
ACCT450,Advanced
ACCT484,Advanced
ACCT485,Advanced
ACCT489,Advanced
ACCT491,Advanced
AERO201,Undergraduate
AERO211,Undergraduate
AERO212,Undergraduate
AERO214,Undergraduate
AERO221,Undergraduate
AERO222,Undergraduate
AERO285,Undergraduate
AERO289,Undergraduate
AERO291,Undergraduate
AERO299,Undergraduate
AERO301,Advanced
AERO303,Advanced
AERO304,Advanced
AERO306,Advanced
AERO307,Advanced
AERO310,Advanced
AERO321,Advanced
AERO351,Advanced
AERO401,Advanced
AERO402,Advanced
AERO404,Advanced
AERO405,Advanced
AERO411,Advanced
AERO413,Advanced
AERO414,Advanced
AERO415,Advanced
AERO417,Advanced
AERO419,Advanced
AERO420,Advanced
AERO422,Advanced
AERO423,Advanced
AERO424,Advanced
AERO425,Advanced
AERO426,Advanced
AERO428,Advanced
AERO430,Advanced
AERO435,Advanced
AERO436,Advanced
AERO438,Advanced
AERO440,Advanced
AERO445,Advanced
AERO451,Advanced
AERO452,Advanced
AERO455,Advanced
AERO472,Advanced
AERO478,Advanced
AERO481,Advanced
AERO485,Advanced
AERO489,Advanced
AERO491,Advanced
AERS101,Undergraduate
AERS102,Undergraduate
AERS105,Undergraduate
AERS106,Undergraduate
AERS201,Undergraduate
AERS202,Undergraduate
AERS303,Advanced
AERS304,Advanced
AERS403,Advanced
AERS404,Advanced
AERS485,Advanced
AFST201,Undergraduate
AFST204,Undergraduate
AFST205,Undergraduate
AFST206,Undergraduate
AFST209,Undergraduate
AFST225,Undergraduate
AFST252,Undergraduate
AFST261,Undergraduate
AFST285,Undergraduate
AFST289,Undergraduate
AFST291,Undergraduate
AFST300,Advanced
AFST301,Advanced
AFST302,Advanced
AFST303,Advanced
AFST317,Advanced
AFST323,Advanced
AFST324,Advanced
AFST325,Advanced
AFST326,Advanced
AFST327,Advanced
AFST329,Advanced
AFST338,Advanced
AFST339,Advanced
AFST344,Advanced
AFST345,Advanced
AFST346,Advanced
AFST352,Advanced
AFST353,Advanced
AFST357,Advanced
AFST362,Advanced
AFST377,Advanced
AFST379,Advanced
AFST391,Advanced
AFST393,Advanced
AFST398,Advanced
AFST400,Advanced
AFST401,Advanced
AFST422,Advanced
AFST425,Advanced
AFST430,Advanced
AFST481,Advanced
AFST484,Advanced
AFST485,Advanced
AFST489,Advanced
AFST491,Advanced
AGCJ105,Undergraduate
AGCJ281,Undergraduate
AGCJ285,Undergraduate
AGCJ289,Undergraduate
AGCJ291,Undergraduate
AGCJ301,Advanced
AGCJ306,Advanced
AGCJ307,Advanced
AGCJ308,Advanced
AGCJ309,Advanced
AGCJ311,Advanced
AGCJ312,Advanced
AGCJ313,Advanced
AGCJ314,Advanced
AGCJ355,Advanced
AGCJ366,Advanced
AGCJ404,Advanced
AGCJ405,Advanced
AGCJ406,Advanced
AGCJ408,Advanced
AGCJ410,Advanced
AGCJ411,Advanced
AGCJ413,Advanced
AGCJ455,Advanced
AGCJ481,Advanced
AGCJ485,Advanced
AGCJ489,Advanced
AGCJ491,Advanced
AGCJ494,Advanced
AGEC101,Undergraduate
AGEC105,Undergraduate
AGEC117,Undergraduate
AGEC216,Undergraduate
AGEC217,Undergraduate
AGEC223,Undergraduate
AGEC285,Undergraduate
AGEC289,Undergraduate
AGEC291,Undergraduate
AGEC314,Advanced
AGEC315,Advanced
AGEC316,Advanced
AGEC317,Advanced
AGEC324,Advanced
AGEC325,Advanced
AGEC330,Advanced
AGEC340,Advanced
AGEC344,Advanced
AGEC350,Advanced
AGEC401,Advanced
AGEC402,Advanced
AGEC408,Advanced
AGEC413,Advanced
AGEC414,Advanced
AGEC415,Advanced
AGEC416,Advanced
AGEC420,Advanced
AGEC422,Advanced
AGEC423,Advanced
AGEC424,Advanced
AGEC425,Advanced
AGEC429,Advanced
AGEC430,Advanced
AGEC431,Advanced
AGEC432,Advanced
AGEC434,Advanced
AGEC440,Advanced
AGEC447,Advanced
AGEC448,Advanced
AGEC452,Advanced
AGEC453,Advanced
AGEC460,Advanced
AGEC481,Advanced
AGEC484,Advanced
AGEC485,Advanced
AGEC489,Advanced
AGEC491,Advanced
AGEC495,Advanced
AGLS101,Undergraduate
AGLS125,Undergraduate
AGLS225,Undergraduate
AGLS289,Undergraduate
AGLS292,Undergraduate
AGLS301,Advanced
AGLS392,Advanced
AGLS489,Advanced
AGLS492,Advanced
AGSC285,Undergraduate
AGSC289,Undergraduate
AGSC291,Undergraduate
AGSC302,Advanced
AGSC305,Advanced
AGSC363,Advanced
AGSC373,Advanced
AGSC380,Advanced
AGSC383,Advanced
AGSC402,Advanced
AGSC405,Advanced
AGSC425,Advanced
AGSC436,Advanced
AGSC481,Advanced
AGSC484,Advanced
AGSC485,Advanced
AGSC489,Advanced
AGSC491,Advanced
AGSM105,Undergraduate
AGSM125,Undergraduate
AGSM201,Undergraduate
AGSM284,Undergraduate
AGSM285,Undergraduate
AGSM289,Undergraduate
AGSM291,Undergraduate
AGSM301,Advanced
AGSM310,Advanced
AGSM315,Advanced
AGSM325,Advanced
AGSM335,Advanced
AGSM337,Advanced
AGSM360,Advanced
AGSM403,Advanced
AGSM411,Advanced
AGSM417,Advanced
AGSM435,Advanced
AGSM437,Advanced
AGSM439,Advanced
AGSM440,Advanced
AGSM461,Advanced
AGSM470,Advanced
AGSM473,Advanced
AGSM477,Advanced
AGSM481,Advanced
AGSM484,Advanced
AGSM485,Advanced
AGSM489,Advanced
AGSM491,Advanced
ALEC285,Undergraduate
ALEC289,Undergraduate
ALEC291,Undergraduate
ALEC350,Advanced
ALEC370,Advanced
ALEC371,Advanced
ALEC372,Advanced
ALEC375,Advanced
ALEC377,Advanced
ALEC380,Advanced
ALEC399,Advanced
ALEC412,Advanced
ALEC425,Advanced
ALEC450,Advanced
ALEC460,Advanced
ALEC472,Advanced
ALEC473,Advanced
ALEC474,Advanced
ALEC478,Advanced
ALEC485,Advanced
ALEC489,Advanced
ALEC491,Advanced
ALEC494,Advanced
ALED125,Undergraduate
ALED202,Undergraduate
ALED225,Undergraduate
ALED285,Undergraduate
ALED289,Undergraduate
ALED291,Undergraduate
ALED301,Advanced
ALED322,Advanced
ALED323,Advanced
ALED324,Advanced
ALED339,Advanced
ALED340,Advanced
ALED341,Advanced
ALED344,Advanced
ALED400,Advanced
ALED401,Advanced
ALED419,Advanced
ALED422,Advanced
ALED424,Advanced
ALED426,Advanced
ALED440,Advanced
ALED441,Advanced
ALED481,Advanced
ALED485,Advanced
ALED489,Advanced
ALED491,Advanced
ALED494,Advanced
ANSC101,Undergraduate
ANSC107,Undergraduate
ANSC108,Undergraduate
ANSC111,Undergraduate
ANSC113,Undergraduate
ANSC117,Undergraduate
ANSC201,Undergraduate
ANSC205,Undergraduate
ANSC207,Undergraduate
ANSC210,Undergraduate
ANSC211,Undergraduate
ANSC215,Undergraduate
ANSC221,Undergraduate
ANSC235,Undergraduate
ANSC242,Undergraduate
ANSC289,Undergraduate
ANSC291,Undergraduate
ANSC302,Advanced
ANSC303,Advanced
ANSC305,Advanced
ANSC307,Advanced
ANSC309,Advanced
ANSC311,Advanced
ANSC314,Advanced
ANSC315,Advanced
ANSC316,Advanced
ANSC317,Advanced
ANSC318,Advanced
ANSC320,Advanced
ANSC325,Advanced
ANSC326,Advanced
ANSC327,Advanced
ANSC333,Advanced
ANSC334,Advanced
ANSC337,Advanced
ANSC360,Advanced
ANSC380,Advanced
ANSC399,Advanced
ANSC404,Advanced
ANSC406,Advanced
ANSC408,Advanced
ANSC411,Advanced
ANSC412,Advanced
ANSC414,Advanced
ANSC415,Advanced
ANSC418,Advanced
ANSC420,Advanced
ANSC423,Advanced
ANSC429,Advanced
ANSC432,Advanced
ANSC434,Advanced
ANSC436,Advanced
ANSC437,Advanced
ANSC439,Advanced
ANSC447,Advanced
ANSC451,Advanced
ANSC455,Advanced
ANSC457,Advanced
ANSC467,Advanced
ANSC470,Advanced
ANSC481,Advanced
ANSC484,Advanced
ANSC485,Advanced
ANSC487,Advanced
ANSC489,Advanced
ANSC491,Advanced
ANSC494,Advanced
ANSC495,Advanced
ANSC498,Advanced
ANTH201,Undergraduate
ANTH202,Undergraduate
ANTH204,Undergraduate
ANTH205,Undergraduate
ANTH210,Undergraduate
ANTH222,Undergraduate
ANTH225,Undergraduate
ANTH226,Undergraduate
ANTH229,Undergraduate
ANTH285,Undergraduate
ANTH289,Undergraduate
ANTH291,Undergraduate
ANTH300,Advanced
ANTH301,Advanced
ANTH302,Advanced
ANTH304,Advanced
ANTH305,Advanced
ANTH308,Advanced
ANTH312,Advanced
ANTH313,Advanced
ANTH316,Advanced
ANTH317,Advanced
ANTH318,Advanced
ANTH323,Advanced
ANTH324,Advanced
ANTH330,Advanced
ANTH335,Advanced
ANTH340,Advanced
ANTH350,Advanced
ANTH351,Advanced
ANTH353,Advanced
ANTH354,Advanced
ANTH360,Advanced
ANTH370,Advanced
ANTH382,Advanced
ANTH401,Advanced
ANTH402,Advanced
ANTH403,Advanced
ANTH404,Advanced
ANTH405,Advanced
ANTH409,Advanced
ANTH410,Advanced
ANTH412,Advanced
ANTH415,Advanced
ANTH417,Advanced
ANTH418,Advanced
ANTH419,Advanced
ANTH420,Advanced
ANTH421,Advanced
ANTH423,Advanced
ANTH424,Advanced
ANTH425,Advanced
ANTH426,Advanced
ANTH427,Advanced
ANTH430,Advanced
ANTH434,Advanced
ANTH435,Advanced
ANTH436,Advanced
ANTH437,Advanced
ANTH438,Advanced
ANTH440,Advanced
ANTH444,Advanced
ANTH445,Advanced
ANTH447,Advanced
ANTH448,Advanced
ANTH458,Advanced
ANTH461,Advanced
ANTH464,Advanced
ANTH484,Advanced
ANTH485,Advanced
ANTH489,Advanced
ANTH491,Advanced
ARAB101,Undergraduate
ARAB102,Undergraduate
ARAB104,Undergraduate
ARAB201,Undergraduate
ARAB202,Undergraduate
ARAB204,Undergraduate
ARAB215,Undergraduate
ARAB221,Undergraduate
ARAB222,Undergraduate
ARAB258,Undergraduate
ARAB285,Undergraduate
ARAB289,Undergraduate
ARAB301,Advanced
ARAB302,Advanced
ARAB321,Advanced
ARAB322,Advanced
ARAB323,Advanced
ARAB475,Advanced
ARAB485,Advanced
ARAB489,Advanced
ARAB491,Advanced
ARCH105,Undergraduate
ARCH106,Undergraduate
ARCH115,Undergraduate
ARCH205,Undergraduate
ARCH206,Undergraduate
ARCH212,Undergraduate
ARCH213,Undergraduate
ARCH216,Undergraduate
ARCH221,Undergraduate
ARCH246,Undergraduate
ARCH249,Undergraduate
ARCH250,Undergraduate
ARCH260,Undergraduate
ARCH281,Undergraduate
ARCH289,Undergraduate
ARCH291,Undergraduate
ARCH305,Advanced
ARCH317,Advanced
ARCH327,Advanced
ARCH328,Advanced
ARCH330,Advanced
ARCH331,Advanced
ARCH335,Advanced
ARCH345,Advanced
ARCH346,Advanced
ARCH347,Advanced
ARCH350,Advanced
ARCH353,Advanced
ARCH360,Advanced
ARCH381,Advanced
ARCH401,Advanced
ARCH405,Advanced
ARCH406,Advanced
ARCH413,Advanced
ARCH421,Advanced
ARCH430,Advanced
ARCH431,Advanced
ARCH433,Advanced
ARCH434,Advanced
ARCH435,Advanced
ARCH437,Advanced
ARCH438,Advanced
ARCH441,Advanced
ARCH443,Advanced
ARCH444,Advanced
ARCH451,Advanced
ARCH452,Advanced
ARCH457,Advanced
ARCH458,Advanced
ARCH463,Advanced
ARCH468,Advanced
ARCH481,Advanced
ARCH484,Advanced
ARCH485,Advanced
ARCH489,Advanced
ARCH491,Advanced
ARCH494,Advanced
AREN200,Undergraduate
AREN210,Undergraduate
AREN221,Undergraduate
AREN281,Undergraduate
AREN285,Undergraduate
AREN289,Undergraduate
AREN300,Advanced
AREN310,Advanced
AREN311,Advanced
AREN320,Advanced
AREN330,Advanced
AREN399,Advanced
AREN401,Advanced
AREN402,Advanced
AREN430,Advanced
AREN440,Advanced
AREN485,Advanced
AREN489,Advanced
AREN491,Advanced
ARSC101,Undergraduate
ARSC104,Undergraduate
ARSC105,Undergraduate
ARSC201,Undergraduate
ARSC202,Undergraduate
ARSC285,Undergraduate
ARSC289,Undergraduate
ARSC292,Undergraduate
ARSC301,Advanced
ARSC392,Advanced
ARSC485,Advanced
ARSC489,Advanced
ARSC492,Advanced
ARTS101,Undergraduate
ARTS102,Undergraduate
ARTS103,Undergraduate
ARTS104,Undergraduate
ARTS111,Undergraduate
ARTS115,Undergraduate
ARTS116,Undergraduate
ARTS149,Undergraduate
ARTS150,Undergraduate
ARTS210,Undergraduate
ARTS212,Undergraduate
ARTS231,Undergraduate
ARTS234,Undergraduate
ARTS255,Undergraduate
ARTS289,Undergraduate
ARTS301,Advanced
ARTS303,Advanced
ARTS304,Advanced
ARTS305,Advanced
ARTS308,Advanced
ARTS311,Advanced
ARTS312,Advanced
ARTS315,Advanced
ARTS325,Advanced
ARTS328,Advanced
ARTS329,Advanced
ARTS330,Advanced
ARTS335,Advanced
ARTS339,Advanced
ARTS340,Advanced
ARTS341,Advanced
ARTS342,Advanced
ARTS343,Advanced
ARTS345,Advanced
ARTS349,Advanced
ARTS350,Advanced
ARTS353,Advanced
ARTS356,Advanced
ARTS403,Advanced
ARTS435,Advanced
ARTS445,Advanced
ARTS455,Advanced
ARTS485,Advanced
ARTS489,Advanced
ASCC001,Undergraduate
ASCC002,Undergraduate
ASCC003,Undergraduate
ASCC004,Undergraduate
ASCC005,Undergraduate
ASCC101,Undergraduate
ASCC102,Undergraduate
ASCC289,Undergraduate
ASIA229,Undergraduate
ASIA285,Undergraduate
ASIA289,Undergraduate
ASIA349,Advanced
ASIA350,Advanced
ASIA352,Advanced
ASIA354,Advanced
ASIA355,Advanced
ASIA356,Advanced
ASIA358,Advanced
ASIA401,Advanced
ASIA463,Advanced
ASIA485,Advanced
ASIA489,Advanced
ASIA491,Advanced
ASTR101,Undergraduate
ASTR102,Undergraduate
ASTR103,Undergraduate
ASTR104,Undergraduate
ASTR109,Undergraduate
ASTR111,Undergraduate
ASTR119,Undergraduate
ASTR285,Undergraduate
ASTR289,Undergraduate
ASTR291,Undergraduate
ASTR314,Advanced
ASTR320,Advanced
ASTR401,Advanced
ASTR403,Advanced
ASTR420,Advanced
ASTR485,Advanced
ASTR489,Advanced
ASTR491,Advanced
ATMO110,Undergraduate
ATMO201,Undergraduate
ATMO202,Undergraduate
ATMO203,Undergraduate
ATMO210,Undergraduate
ATMO215,Undergraduate
ATMO251,Undergraduate
ATMO285,Undergraduate
ATMO289,Undergraduate
ATMO291,Undergraduate
ATMO321,Advanced
ATMO324,Advanced
ATMO326,Advanced
ATMO335,Advanced
ATMO336,Advanced
ATMO352,Advanced
ATMO363,Advanced
ATMO370,Advanced
ATMO435,Advanced
ATMO441,Advanced
ATMO443,Advanced
ATMO444,Advanced
ATMO446,Advanced
ATMO455,Advanced
ATMO456,Advanced
ATMO459,Advanced
ATMO461,Advanced
ATMO463,Advanced
ATMO464,Advanced
ATMO484,Advanced
ATMO485,Advanced
ATMO489,Advanced
ATMO491,Advanced
ATTR201,Undergraduate
ATTR202,Undergraduate
ATTR301,Advanced
ATTR302,Advanced
BAEN201,Undergraduate
BAEN281,Undergraduate
BAEN284,Undergraduate
BAEN285,Undergraduate
BAEN289,Undergraduate
BAEN291,Undergraduate
BAEN301,Advanced
BAEN302,Advanced
BAEN320,Advanced
BAEN340,Advanced
BAEN354,Advanced
BAEN365,Advanced
BAEN366,Advanced
BAEN370,Advanced
BAEN375,Advanced
BAEN399,Advanced
BAEN401,Advanced
BAEN412,Advanced
BAEN414,Advanced
BAEN417,Advanced
BAEN420,Advanced
BAEN422,Advanced
BAEN427,Advanced
BAEN431,Advanced
BAEN432,Advanced
BAEN460,Advanced
BAEN464,Advanced
BAEN465,Advanced
BAEN468,Advanced
BAEN469,Advanced
BAEN471,Advanced
BAEN477,Advanced
BAEN479,Advanced
BAEN480,Advanced
BAEN481,Advanced
BAEN484,Advanced
BAEN485,Advanced
BAEN489,Advanced
BAEN491,Advanced
BEFB425,Advanced
BEFB426,Advanced
BEFB470,Advanced
BEFB472,Advanced
BEFB474,Advanced
BEFB476,Advanced
BEFB482,Advanced
BESC201,Undergraduate
BESC203,Undergraduate
BESC204,Undergraduate
BESC285,Undergraduate
BESC291,Undergraduate
BESC311,Advanced
BESC314,Advanced
BESC320,Advanced
BESC357,Advanced
BESC367,Advanced
BESC401,Advanced
BESC402,Advanced
BESC403,Advanced
BESC411,Advanced
BESC421,Advanced
BESC431,Advanced
BESC481,Advanced
BESC484,Advanced
BESC485,Advanced
BESC489,Advanced
BESC491,Advanced
BICH101,Undergraduate
BICH102,Undergraduate
BICH201,Undergraduate
BICH202,Undergraduate
BICH285,Undergraduate
BICH303,Advanced
BICH403,Advanced
BICH404,Advanced
BICH406,Advanced
BICH409,Advanced
BICH410,Advanced
BICH411,Advanced
BICH412,Advanced
BICH414,Advanced
BICH416,Advanced
BICH419,Advanced
BICH420,Advanced
BICH431,Advanced
BICH432,Advanced
BICH440,Advanced
BICH441,Advanced
BICH450,Advanced
BICH456,Advanced
BICH460,Advanced
BICH464,Advanced
BICH485,Advanced
BICH489,Advanced
BICH491,Advanced
BIMS101,Undergraduate
BIMS110,Undergraduate
BIMS120,Undergraduate
BIMS125,Undergraduate
BIMS201,Undergraduate
BIMS250,Undergraduate
BIMS289,Undergraduate
BIMS291,Undergraduate
BIMS301,Advanced
BIMS303,Advanced
BIMS320,Advanced
BIMS380,Advanced
BIMS402,Advanced
BIMS405,Advanced
BIMS421,Advanced
BIMS481,Advanced
BIMS484,Advanced
BIMS485,Advanced
BIMS489,Advanced
BIMS491,Advanced
BIMS499,Advanced
BIOL100,Undergraduate
BIOL101,Undergraduate
BIOL104,Undergraduate
BIOL107,Undergraduate
BIOL111,Undergraduate
BIOL112,Undergraduate
BIOL113,Undergraduate
BIOL206,Undergraduate
BIOL213,Undergraduate
BIOL214,Undergraduate
BIOL285,Undergraduate
BIOL289,Undergraduate
BIOL291,Undergraduate
BIOL302,Advanced
BIOL318,Advanced
BIOL319,Advanced
BIOL320,Advanced
BIOL335,Advanced
BIOL349,Advanced
BIOL350,Advanced
BIOL351,Advanced
BIOL352,Advanced
BIOL357,Advanced
BIOL388,Advanced
BIOL400,Advanced
BIOL401,Advanced
BIOL402,Advanced
BIOL403,Advanced
BIOL405,Advanced
BIOL406,Advanced
BIOL407,Advanced
BIOL411,Advanced
BIOL413,Advanced
BIOL414,Advanced
BIOL423,Advanced
BIOL428,Advanced
BIOL430,Advanced
BIOL434,Advanced
BIOL435,Advanced
BIOL438,Advanced
BIOL440,Advanced
BIOL443,Advanced
BIOL444,Advanced
BIOL445,Advanced
BIOL450,Advanced
BIOL454,Advanced
BIOL455,Advanced
BIOL456,Advanced
BIOL461,Advanced
BIOL466,Advanced
BIOL467,Advanced
BIOL480,Advanced
BIOL481,Advanced
BIOL484,Advanced
BIOL485,Advanced
BIOL489,Advanced
BIOL491,Advanced
BIOL492,Advanced
BIOL495,Advanced
BIOL496,Advanced
BMEN153,Undergraduate
BMEN201,Undergraduate
BMEN207,Undergraduate
BMEN211,Undergraduate
BMEN250,Undergraduate
BMEN253,Undergraduate
BMEN254,Undergraduate
BMEN285,Undergraduate
BMEN289,Undergraduate
BMEN291,Undergraduate
BMEN305,Advanced
BMEN311,Advanced
BMEN321,Advanced
BMEN322,Advanced
BMEN341,Advanced
BMEN343,Advanced
BMEN344,Advanced
BMEN345,Advanced
BMEN351,Advanced
BMEN353,Advanced
BMEN354,Advanced
BMEN361,Advanced
BMEN399,Advanced
BMEN400,Advanced
BMEN401,Advanced
BMEN402,Advanced
BMEN404,Advanced
BMEN406,Advanced
BMEN420,Advanced
BMEN422,Advanced
BMEN425,Advanced
BMEN427,Advanced
BMEN428,Advanced
BMEN431,Advanced
BMEN432,Advanced
BMEN433,Advanced
BMEN448,Advanced
BMEN450,Advanced
BMEN452,Advanced
BMEN453,Advanced
BMEN454,Advanced
BMEN457,Advanced
BMEN458,Advanced
BMEN461,Advanced
BMEN463,Advanced
BMEN464,Advanced
BMEN465,Advanced
BMEN469,Advanced
BMEN471,Advanced
BMEN472,Advanced
BMEN480,Advanced
BMEN481,Advanced
BMEN482,Advanced
BMEN483,Advanced
BMEN484,Advanced
BMEN485,Advanced
BMEN486,Advanced
BMEN487,Advanced
BMEN489,Advanced
BMEN491,Advanced
BOTN289,Undergraduate
BOTN291,Undergraduate
BOTN485,Advanced
BOTN491,Advanced
BUSH141,Undergraduate
BUSH241,Undergraduate
BUSH285,Undergraduate
BUSH300,Advanced
BUSH485,Advanced
BUSH489,Advanced
BUSN101,Undergraduate
BUSN125,Undergraduate
BUSN203,Undergraduate
BUSN204,Undergraduate
BUSN206,Undergraduate
BUSN207,Undergraduate
BUSN208,Undergraduate
BUSN209,Undergraduate
BUSN213,Undergraduate
BUSN225,Undergraduate
BUSN232,Undergraduate
BUSN285,Undergraduate
BUSN289,Undergraduate
BUSN299,Undergraduate
BUSN302,Advanced
BUSN325,Advanced
BUSN392,Advanced
BUSN401,Advanced
BUSN403,Advanced
BUSN404,Advanced
BUSN405,Advanced
BUSN432,Advanced
BUSN450,Advanced
BUSN455,Advanced
BUSN460,Advanced
BUSN465,Advanced
BUSN470,Advanced
BUSN481,Advanced
BUSN484,Advanced
BUSN485,Advanced
BUSN489,Advanced
BUSN491,Advanced
CARC101,Undergraduate
CARC181,Undergraduate
CARC291,Undergraduate
CARC300,Advanced
CARC301,Advanced
CARC311,Advanced
CARC321,Advanced
CARC331,Advanced
CARC411,Advanced
CARC412,Advanced
CARC421,Advanced
CARC481,Advanced
CARC484,Advanced
CARC485,Advanced
CARC489,Advanced
CARC491,Advanced
CEHD101,Undergraduate
CEHD289,Undergraduate
CEHD291,Undergraduate
CEHD300,Advanced
CEHD491,Advanced
CHEM100,Undergraduate
CHEM105,Undergraduate
CHEM106,Undergraduate
CHEM107,Undergraduate
CHEM116,Undergraduate
CHEM117,Undergraduate
CHEM119,Undergraduate
CHEM120,Undergraduate
CHEM181,Undergraduate
CHEM220,Undergraduate
CHEM222,Undergraduate
CHEM227,Undergraduate
CHEM228,Undergraduate
CHEM231,Undergraduate
CHEM234,Undergraduate
CHEM237,Undergraduate
CHEM238,Undergraduate
CHEM242,Undergraduate
CHEM257,Undergraduate
CHEM258,Undergraduate
CHEM285,Undergraduate
CHEM289,Undergraduate
CHEM291,Undergraduate
CHEM310,Advanced
CHEM311,Advanced
CHEM315,Advanced
CHEM316,Advanced
CHEM318,Advanced
CHEM321,Advanced
CHEM322,Advanced
CHEM325,Advanced
CHEM326,Advanced
CHEM327,Advanced
CHEM328,Advanced
CHEM362,Advanced
CHEM383,Advanced
CHEM415,Advanced
CHEM433,Advanced
CHEM434,Advanced
CHEM446,Advanced
CHEM456,Advanced
CHEM458,Advanced
CHEM462,Advanced
CHEM464,Advanced
CHEM466,Advanced
CHEM468,Advanced
CHEM470,Advanced
CHEM481,Advanced
CHEM483,Advanced
CHEM484,Advanced
CHEM485,Advanced
CHEM489,Advanced
CHEM491,Advanced
CHEN201,Undergraduate
CHEN204,Undergraduate
CHEN205,Undergraduate
CHEN285,Undergraduate
CHEN289,Undergraduate
CHEN291,Undergraduate
CHEN304,Advanced
CHEN320,Advanced
CHEN322,Advanced
CHEN323,Advanced
CHEN324,Advanced
CHEN354,Advanced
CHEN364,Advanced
CHEN374,Advanced
CHEN399,Advanced
CHEN410,Advanced
CHEN422,Advanced
CHEN425,Advanced
CHEN426,Advanced
CHEN430,Advanced
CHEN432,Advanced
CHEN433,Advanced
CHEN449,Advanced
CHEN450,Advanced
CHEN451,Advanced
CHEN455,Advanced
CHEN456,Advanced
CHEN457,Advanced
CHEN459,Advanced
CHEN460,Advanced
CHEN461,Advanced
CHEN463,Advanced
CHEN465,Advanced
CHEN468,Advanced
CHEN469,Advanced
CHEN471,Advanced
CHEN473,Advanced
CHEN475,Advanced
CHEN476,Advanced
CHEN478,Advanced
CHEN479,Advanced
CHEN481,Advanced
CHEN482,Advanced
CHEN484,Advanced
CHEN485,Advanced
CHEN489,Advanced
CHEN491,Advanced
CHIN101,Undergraduate
CHIN102,Undergraduate
CHIN201,Undergraduate
CHIN202,Undergraduate
CHIN250,Undergraduate
CHIN285,Undergraduate
CHIN289,Undergraduate
CHIN301,Advanced
CHIN302,Advanced
CHIN316,Advanced
CHIN405,Advanced
CHIN465,Advanced
CHIN485,Advanced
CHIN489,Advanced
CHIN491,Advanced
CLAS101,Undergraduate
CLAS102,Undergraduate
CLAS121,Undergraduate
CLAS122,Undergraduate
CLAS211,Undergraduate
CLAS220,Undergraduate
CLAS221,Undergraduate
CLAS222,Undergraduate
CLAS236,Undergraduate
CLAS250,Undergraduate
CLAS251,Undergraduate
CLAS261,Undergraduate
CLAS262,Undergraduate
CLAS285,Undergraduate
CLAS289,Undergraduate
CLAS291,Undergraduate
CLAS311,Advanced
CLAS312,Advanced
CLAS313,Advanced
CLAS320,Advanced
CLAS321,Advanced
CLAS322,Advanced
CLAS330,Advanced
CLAS352,Advanced
CLAS353,Advanced
CLAS354,Advanced
CLAS371,Advanced
CLAS372,Advanced
CLAS410,Advanced
CLAS415,Advanced
CLAS417,Advanced
CLAS418,Advanced
CLAS426,Advanced
CLAS427,Advanced
CLAS428,Advanced
CLAS429,Advanced
CLAS444,Advanced
CLAS485,Advanced
CLAS489,Advanced
CLAS491,Advanced
CLEN101,Undergraduate
CLEN181,Undergraduate
CLEN201,Undergraduate
CLEN261,Undergraduate
CLEN289,Undergraduate
CLEN301,Advanced
CLEN302,Advanced
CLEN303,Advanced
CLEN304,Advanced
COMM101,Undergraduate
COMM107,Undergraduate
COMM203,Undergraduate
COMM204,Undergraduate
COMM205,Undergraduate
COMM210,Undergraduate
COMM215,Undergraduate
COMM230,Undergraduate
COMM240,Undergraduate
COMM243,Undergraduate
COMM245,Undergraduate
COMM248,Undergraduate
COMM250,Undergraduate
COMM255,Undergraduate
COMM257,Undergraduate
COMM260,Undergraduate
COMM265,Undergraduate
COMM275,Undergraduate
COMM280,Undergraduate
COMM285,Undergraduate
COMM289,Undergraduate
COMM291,Undergraduate
COMM301,Advanced
COMM302,Advanced
COMM303,Advanced
COMM304,Advanced
COMM305,Advanced
COMM307,Advanced
COMM308,Advanced
COMM309,Advanced
COMM310,Advanced
COMM315,Advanced
COMM316,Advanced
COMM317,Advanced
COMM320,Advanced
COMM321,Advanced
COMM322,Advanced
COMM323,Advanced
COMM324,Advanced
COMM325,Advanced
COMM326,Advanced
COMM330,Advanced
COMM335,Advanced
COMM338,Advanced
COMM340,Advanced
COMM342,Advanced
COMM343,Advanced
COMM345,Advanced
COMM346,Advanced
COMM350,Advanced
COMM354,Advanced
COMM360,Advanced
COMM365,Advanced
COMM370,Advanced
COMM375,Advanced
COMM377,Advanced
COMM403,Advanced
COMM407,Advanced
COMM410,Advanced
COMM411,Advanced
COMM415,Advanced
COMM420,Advanced
COMM423,Advanced
COMM425,Advanced
COMM428,Advanced
COMM431,Advanced
COMM434,Advanced
COMM435,Advanced
COMM437,Advanced
COMM438,Advanced
COMM440,Advanced
COMM443,Advanced
COMM446,Advanced
COMM447,Advanced
COMM450,Advanced
COMM452,Advanced
COMM453,Advanced
COMM458,Advanced
COMM460,Advanced
COMM470,Advanced
COMM471,Advanced
COMM476,Advanced
COMM480,Advanced
COMM483,Advanced
COMM484,Advanced
COMM485,Advanced
COMM487,Advanced
COMM488,Advanced
COMM489,Advanced
COMM491,Advanced
COMM497,Advanced
COSC153,Undergraduate
COSC175,Undergraduate
COSC184,Undergraduate
COSC202,Undergraduate
COSC214,Undergraduate
COSC222,Undergraduate
COSC253,Undergraduate
COSC275,Undergraduate
COSC284,Undergraduate
COSC285,Undergraduate
COSC291,Undergraduate
COSC301,Advanced
COSC303,Advanced
COSC310,Advanced
COSC314,Advanced
COSC321,Advanced
COSC322,Advanced
COSC325,Advanced
COSC326,Advanced
COSC333,Advanced
COSC335,Advanced
COSC340,Advanced
COSC353,Advanced
COSC354,Advanced
COSC359,Advanced
COSC375,Advanced
COSC381,Advanced
COSC410,Advanced
COSC411,Advanced
COSC414,Advanced
COSC421,Advanced
COSC427,Advanced
COSC428,Advanced
COSC433,Advanced
COSC440,Advanced
COSC441,Advanced
COSC442,Advanced
COSC443,Advanced
COSC446,Advanced
COSC461,Advanced
COSC463,Advanced
COSC464,Advanced
COSC465,Advanced
COSC468,Advanced
COSC473,Advanced
COSC474,Advanced
COSC475,Advanced
COSC477,Advanced
COSC481,Advanced
COSC484,Advanced
COSC485,Advanced
COSC489,Advanced
COSC491,Advanced
COSC494,Advanced
CSCE110,Undergraduate
CSCE111,Undergraduate
CSCE120,Undergraduate
CSCE121,Undergraduate
CSCE181,Undergraduate
CSCE201,Undergraduate
CSCE206,Undergraduate
CSCE221,Undergraduate
CSCE222,Undergraduate
CSCE285,Undergraduate
CSCE289,Undergraduate
CSCE291,Undergraduate
CSCE305,Advanced
CSCE310,Advanced
CSCE312,Advanced
CSCE313,Advanced
CSCE314,Advanced
CSCE315,Advanced
CSCE320,Advanced
CSCE331,Advanced
CSCE350,Advanced
CSCE399,Advanced
CSCE402,Advanced
CSCE410,Advanced
CSCE411,Advanced
CSCE412,Advanced
CSCE416,Advanced
CSCE420,Advanced
CSCE421,Advanced
CSCE426,Advanced
CSCE429,Advanced
CSCE430,Advanced
CSCE431,Advanced
CSCE432,Advanced
CSCE433,Advanced
CSCE434,Advanced
CSCE435,Advanced
CSCE436,Advanced
CSCE438,Advanced
CSCE439,Advanced
CSCE440,Advanced
CSCE441,Advanced
CSCE442,Advanced
CSCE443,Advanced
CSCE444,Advanced
CSCE445,Advanced
CSCE446,Advanced
CSCE447,Advanced
CSCE448,Advanced
CSCE449,Advanced
CSCE450,Advanced
CSCE451,Advanced
CSCE452,Advanced
CSCE461,Advanced
CSCE462,Advanced
CSCE463,Advanced
CSCE464,Advanced
CSCE465,Advanced
CSCE469,Advanced
CSCE470,Advanced
CSCE477,Advanced
CSCE481,Advanced
CSCE482,Advanced
CSCE483,Advanced
CSCE485,Advanced
CSCE489,Advanced
CSCE491,Advanced
CULN305,Advanced
CULN483,Advanced
CVEN207,Undergraduate
CVEN221,Undergraduate
CVEN250,Undergraduate
CVEN289,Undergraduate
CVEN291,Undergraduate
CVEN301,Advanced
CVEN302,Advanced
CVEN303,Advanced
CVEN304,Advanced
CVEN305,Advanced
CVEN306,Advanced
CVEN307,Advanced
CVEN311,Advanced
CVEN314,Advanced
CVEN315,Advanced
CVEN322,Advanced
CVEN336,Advanced
CVEN339,Advanced
CVEN342,Advanced
CVEN343,Advanced
CVEN345,Advanced
CVEN349,Advanced
CVEN363,Advanced
CVEN365,Advanced
CVEN399,Advanced
CVEN400,Advanced
CVEN402,Advanced
CVEN403,Advanced
CVEN405,Advanced
CVEN406,Advanced
CVEN413,Advanced
CVEN417,Advanced
CVEN418,Advanced
CVEN423,Advanced
CVEN424,Advanced
CVEN435,Advanced
CVEN436,Advanced
CVEN444,Advanced
CVEN445,Advanced
CVEN446,Advanced
CVEN449,Advanced
CVEN450,Advanced
CVEN451,Advanced
CVEN454,Advanced
CVEN455,Advanced
CVEN456,Advanced
CVEN457,Advanced
CVEN458,Advanced
CVEN462,Advanced
CVEN463,Advanced
CVEN464,Advanced
CVEN465,Advanced
CVEN473,Advanced
CVEN483,Advanced
CVEN485,Advanced
CVEN489,Advanced
CVEN491,Advanced
CYBR201,Undergraduate
CYBR285,Undergraduate
CYBR289,Undergraduate
CYBR291,Undergraduate
CYBR402,Advanced
CYBR403,Advanced
CYBR405,Advanced
CYBR466,Advanced
CYBR484,Advanced
CYBR485,Advanced
CYBR489,Advanced
CYBR491,Advanced
DAEN210,Undergraduate
DAEN300,Advanced
DAEN301,Advanced
DAEN321,Advanced
DAEN323,Advanced
DAEN328,Advanced
DAEN331,Advanced
DAEN399,Advanced
DAEN400,Advanced
DAEN410,Advanced
DAEN420,Advanced
DAEN427,Advanced
DAEN429,Advanced
DAEN430,Advanced
DAEN459,Advanced
DAEN460,Advanced
DAEN489,Advanced
DAEN491,Advanced
DASC418,Advanced
DASC485,Advanced
DCED165,Undergraduate
DCED201,Undergraduate
DCED202,Undergraduate
DCED203,Undergraduate
DCED205,Undergraduate
DCED210,Undergraduate
DCED215,Undergraduate
DCED216,Undergraduate
DCED217,Undergraduate
DCED222,Undergraduate
DCED230,Undergraduate
DCED240,Undergraduate
DCED242,Undergraduate
DCED250,Undergraduate
DCED260,Undergraduate
DCED261,Undergraduate
DCED265,Undergraduate
DCED271,Undergraduate
DCED272,Undergraduate
DCED286,Undergraduate
DCED289,Undergraduate
DCED292,Undergraduate
DCED297,Undergraduate
DCED303,Advanced
DCED304,Advanced
DCED306,Advanced
DCED307,Advanced
DCED308,Advanced
DCED310,Advanced
DCED315,Advanced
DCED320,Advanced
DCED325,Advanced
DCED351,Advanced
DCED361,Advanced
DCED362,Advanced
DCED372,Advanced
DCED373,Advanced
DCED387,Advanced
DCED392,Advanced
DCED398,Advanced
DCED400,Advanced
DCED401,Advanced
DCED402,Advanced
DCED403,Advanced
DCED405,Advanced
DCED410,Advanced
DCED411,Advanced
DCED413,Advanced
DCED415,Advanced
DCED416,Advanced
DCED419,Advanced
DCED462,Advanced
DCED463,Advanced
DCED473,Advanced
DCED474,Advanced
DCED485,Advanced
DCED488,Advanced
DCED489,Advanced
DCED491,Advanced
DDHS3020,Graduate
DDHS3110,Graduate
DDHS3120,Graduate
DDHS3160,Graduate
DDHS3220,Graduate
DDHS3250,Graduate
DDHS3310,Graduate
DDHS3325,Graduate
DDHS3340,Graduate
DDHS3410,Graduate
DDHS3425,Graduate
DDHS3530,Graduate
DDHS3830,Graduate
DDHS4010,Graduate
DDHS4015,Graduate
DDHS4025,Graduate
DDHS4110,Graduate
DDHS4140,Graduate
DDHS4210,Graduate
DDHS4220,Graduate
DDHS4240,Graduate
DDHS4310,Graduate
DDHS4320,Graduate
DDHS4410,Graduate
DDHS4510,Graduate
DDHS4530,Graduate
DDHS4610,Graduate
DDHS4620,Graduate
DDHS4710,Graduate
DDHS4715,Graduate
DDHS4810,Graduate
DDHS4820,Graduate
DIVE250,Undergraduate
DIVE251,Undergraduate
DIVE260,Undergraduate
DIVE310,Advanced
DIVE330,Advanced
DIVE331,Advanced
DIVE357,Advanced
DIVE405,Advanced
DIVE410,Advanced
DIVE411,Advanced
DIVE430,Advanced
DIVE440,Advanced
DIVE489,Advanced
DIVE491,Advanced
ECCB101,Undergraduate
ECCB105,Undergraduate
ECCB203,Undergraduate
ECCB205,Undergraduate
ECCB215,Undergraduate
ECCB285,Undergraduate
ECCB291,Undergraduate
ECCB300,Advanced
ECCB301,Advanced
ECCB302,Advanced
ECCB303,Advanced
ECCB304,Advanced
ECCB307,Advanced
ECCB308,Advanced
ECCB309,Advanced
ECCB310,Advanced
ECCB311,Advanced
ECCB312,Advanced
ECCB313,Advanced
ECCB314,Advanced
ECCB315,Advanced
ECCB316,Advanced
ECCB318,Advanced
ECCB319,Advanced
ECCB320,Advanced
ECCB324,Advanced
ECCB325,Advanced
ECCB351,Advanced
ECCB385,Advanced
ECCB400,Advanced
ECCB401,Advanced
ECCB402,Advanced
ECCB403,Advanced
ECCB405,Advanced
ECCB406,Advanced
ECCB407,Advanced
ECCB408,Advanced
ECCB416,Advanced
ECCB417,Advanced
ECCB420,Advanced
ECCB422,Advanced
ECCB430,Advanced
ECCB444,Advanced
ECCB446,Advanced
ECCB448,Advanced
ECCB450,Advanced
ECCB451,Advanced
ECCB452,Advanced
ECCB454,Advanced
ECCB460,Advanced
ECCB462,Advanced
ECCB481,Advanced
ECCB484,Advanced
ECCB485,Advanced
ECCB489,Advanced
ECCB491,Advanced
ECDE352,Advanced
ECDE382,Advanced
ECDE472,Advanced
ECDE473,Advanced
ECDE484,Advanced
ECEN209,Undergraduate
ECEN210,Undergraduate
ECEN214,Undergraduate
ECEN215,Undergraduate
ECEN222,Undergraduate
ECEN248,Undergraduate
ECEN250,Undergraduate
ECEN285,Undergraduate
ECEN289,Undergraduate
ECEN291,Undergraduate
ECEN303,Advanced
ECEN314,Advanced
ECEN322,Advanced
ECEN325,Advanced
ECEN326,Advanced
ECEN333,Advanced
ECEN338,Advanced
ECEN340,Advanced
ECEN350,Advanced
ECEN360,Advanced
ECEN370,Advanced
ECEN399,Advanced
ECEN403,Advanced
ECEN404,Advanced
ECEN410,Advanced
ECEN411,Advanced
ECEN412,Advanced
ECEN414,Advanced
ECEN415,Advanced
ECEN416,Advanced
ECEN419,Advanced
ECEN420,Advanced
ECEN423,Advanced
ECEN424,Advanced
ECEN425,Advanced
ECEN426,Advanced
ECEN427,Advanced
ECEN428,Advanced
ECEN429,Advanced
ECEN430,Advanced
ECEN431,Advanced
ECEN432,Advanced
ECEN433,Advanced
ECEN434,Advanced
ECEN438,Advanced
ECEN440,Advanced
ECEN441,Advanced
ECEN442,Advanced
ECEN444,Advanced
ECEN445,Advanced
ECEN446,Advanced
ECEN447,Advanced
ECEN449,Advanced
ECEN451,Advanced
ECEN453,Advanced
ECEN454,Advanced
ECEN455,Advanced
ECEN457,Advanced
ECEN459,Advanced
ECEN460,Advanced
ECEN461,Advanced
ECEN462,Advanced
ECEN463,Advanced
ECEN464,Advanced
ECEN465,Advanced
ECEN466,Advanced
ECEN467,Advanced
ECEN468,Advanced
ECEN469,Advanced
ECEN470,Advanced
ECEN471,Advanced
ECEN472,Advanced
ECEN473,Advanced
ECEN474,Advanced
ECEN475,Advanced
ECEN477,Advanced
ECEN478,Advanced
ECEN480,Advanced
ECEN484,Advanced
ECEN485,Advanced
ECEN489,Advanced
ECEN491,Advanced
ECFB321,Advanced
ECFB421,Advanced
ECFB422,Advanced
ECFB424,Advanced
ECHE291,Undergraduate
ECHE491,Advanced
ECMT461,Advanced
ECMT463,Advanced
ECMT475,Advanced
ECON202,Undergraduate
ECON203,Undergraduate
ECON285,Undergraduate
ECON289,Undergraduate
ECON291,Undergraduate
ECON311,Advanced
ECON312,Advanced
ECON315,Advanced
ECON318,Advanced
ECON320,Advanced
ECON323,Advanced
ECON328,Advanced
ECON330,Advanced
ECON410,Advanced
ECON412,Advanced
ECON414,Advanced
ECON416,Advanced
ECON418,Advanced
ECON419,Advanced
ECON420,Advanced
ECON421,Advanced
ECON425,Advanced
ECON426,Advanced
ECON433,Advanced
ECON436,Advanced
ECON440,Advanced
ECON441,Advanced
ECON445,Advanced
ECON449,Advanced
ECON452,Advanced
ECON459,Advanced
ECON460,Advanced
ECON465,Advanced
ECON470,Advanced
ECON471,Advanced
ECON484,Advanced
ECON485,Advanced
ECON489,Advanced
ECON491,Advanced
EDCI285,Undergraduate
EDCI289,Undergraduate
EDCI291,Undergraduate
EDCI353,Advanced
EDCI354,Advanced
EDCI358,Advanced
EDCI364,Advanced
EDCI365,Advanced
EDCI485,Advanced
EDCI489,Advanced
EDCI491,Advanced
EHRD101,Undergraduate
EHRD111,Undergraduate
EHRD203,Undergraduate
EHRD210,Undergraduate
EHRD285,Undergraduate
EHRD289,Undergraduate
EHRD291,Undergraduate
EHRD315,Advanced
EHRD325,Advanced
EHRD371,Advanced
EHRD372,Advanced
EHRD374,Advanced
EHRD391,Advanced
EHRD402,Advanced
EHRD405,Advanced
EHRD408,Advanced
EHRD413,Advanced
EHRD477,Advanced
EHRD481,Advanced
EHRD484,Advanced
EHRD485,Advanced
EHRD489,Advanced
EHRD490,Advanced
EHRD491,Advanced
ENDG485,Advanced
ENDG489,Advanced
ENDS101,Undergraduate
ENGL103,Undergraduate
ENGL104,Undergraduate
ENGL107,Undergraduate
ENGL202,Undergraduate
ENGL203,Undergraduate
ENGL204,Undergraduate
ENGL205,Undergraduate
ENGL206,Undergraduate
ENGL207,Undergraduate
ENGL209,Undergraduate
ENGL210,Undergraduate
ENGL211,Undergraduate
ENGL212,Undergraduate
ENGL219,Undergraduate
ENGL220,Undergraduate
ENGL221,Undergraduate
ENGL222,Undergraduate
ENGL227,Undergraduate
ENGL228,Undergraduate
ENGL229,Undergraduate
ENGL231,Undergraduate
ENGL232,Undergraduate
ENGL234,Undergraduate
ENGL235,Undergraduate
ENGL241,Undergraduate
ENGL251,Undergraduate
ENGL253,Undergraduate
ENGL262,Undergraduate
ENGL285,Undergraduate
ENGL289,Undergraduate
ENGL291,Undergraduate
ENGL292,Undergraduate
ENGL303,Advanced
ENGL304,Advanced
ENGL305,Advanced
ENGL306,Advanced
ENGL308,Advanced
ENGL309,Advanced
ENGL310,Advanced
ENGL313,Advanced
ENGL314,Advanced
ENGL315,Advanced
ENGL316,Advanced
ENGL317,Advanced
ENGL318,Advanced
ENGL320,Advanced
ENGL321,Advanced
ENGL322,Advanced
ENGL323,Advanced
ENGL324,Advanced
ENGL329,Advanced
ENGL330,Advanced
ENGL331,Advanced
ENGL333,Advanced
ENGL334,Advanced
ENGL335,Advanced
ENGL336,Advanced
ENGL337,Advanced
ENGL338,Advanced
ENGL339,Advanced
ENGL340,Advanced
ENGL342,Advanced
ENGL343,Advanced
ENGL345,Advanced
ENGL347,Advanced
ENGL348,Advanced
ENGL350,Advanced
ENGL351,Advanced
ENGL352,Advanced
ENGL353,Advanced
ENGL354,Advanced
ENGL355,Advanced
ENGL356,Advanced
ENGL357,Advanced
ENGL358,Advanced
ENGL359,Advanced
ENGL360,Advanced
ENGL361,Advanced
ENGL362,Advanced
ENGL365,Advanced
ENGL366,Advanced
ENGL369,Advanced
ENGL372,Advanced
ENGL373,Advanced
ENGL374,Advanced
ENGL375,Advanced
ENGL376,Advanced
ENGL377,Advanced
ENGL378,Advanced
ENGL379,Advanced
ENGL385,Advanced
ENGL386,Advanced
ENGL390,Advanced
ENGL391,Advanced
ENGL392,Advanced
ENGL393,Advanced
ENGL394,Advanced
ENGL395,Advanced
ENGL396,Advanced
ENGL401,Advanced
ENGL403,Advanced
ENGL412,Advanced
ENGL414,Advanced
ENGL415,Advanced
ENGL431,Advanced
ENGL433,Advanced
ENGL434,Advanced
ENGL435,Advanced
ENGL460,Advanced
ENGL461,Advanced
ENGL462,Advanced
ENGL463,Advanced
ENGL467,Advanced
ENGL474,Advanced
ENGL481,Advanced
ENGL482,Advanced
ENGL484,Advanced
ENGL485,Advanced
ENGL489,Advanced
ENGL491,Advanced
ENGL497,Advanced
ENGR101,Undergraduate
ENGR102,Undergraduate
ENGR112,Undergraduate
ENGR181,Undergraduate
ENGR216,Undergraduate
ENGR217,Undergraduate
ENGR251,Undergraduate
ENGR270,Undergraduate
ENGR281,Undergraduate
ENGR285,Undergraduate
ENGR289,Undergraduate
ENGR291,Undergraduate
ENGR301,Advanced
ENGR350,Advanced
ENGR351,Advanced
ENGR381,Advanced
ENGR385,Advanced
ENGR399,Advanced
ENGR401,Advanced
ENGR402,Advanced
ENGR410,Advanced
ENGR450,Advanced
ENGR451,Advanced
ENGR462,Advanced
ENGR484,Advanced
ENGR485,Advanced
ENGR489,Advanced
ENGR491,Advanced
ENGR499,Advanced
ENSS105,Undergraduate
ENSS205,Undergraduate
ENSS405,Advanced
ENSS430,Advanced
ENSS431,Advanced
ENST291,Undergraduate
ENST491,Advanced
ENTC289,Undergraduate
ENTC399,Advanced
ENTC481,Advanced
ENTC484,Advanced
ENTC485,Advanced
ENTC489,Advanced
ENTC491,Advanced
ENTO101,Undergraduate
ENTO102,Undergraduate
ENTO201,Undergraduate
ENTO208,Undergraduate
ENTO209,Undergraduate
ENTO210,Undergraduate
ENTO285,Undergraduate
ENTO289,Undergraduate
ENTO291,Undergraduate
ENTO300,Advanced
ENTO301,Advanced
ENTO305,Advanced
ENTO306,Advanced
ENTO320,Advanced
ENTO321,Advanced
ENTO322,Advanced
ENTO401,Advanced
ENTO402,Advanced
ENTO403,Advanced
ENTO423,Advanced
ENTO424,Advanced
ENTO425,Advanced
ENTO426,Advanced
ENTO427,Advanced
ENTO428,Advanced
ENTO429,Advanced
ENTO431,Advanced
ENTO432,Advanced
ENTO435,Advanced
ENTO441,Advanced
ENTO442,Advanced
ENTO450,Advanced
ENTO451,Advanced
ENTO455,Advanced
ENTO481,Advanced
ENTO482,Advanced
ENTO484,Advanced
ENTO485,Advanced
ENTO489,Advanced
ENTO491,Advanced
EPFB210,Undergraduate
EPFB301,Advanced
EPFB401,Advanced
EPSY284,Undergraduate
EPSY285,Undergraduate
EPSY289,Undergraduate
EPSY291,Undergraduate
EPSY320,Advanced
EPSY321,Advanced
EPSY322,Advanced
EPSY430,Advanced
EPSY431,Advanced
EPSY432,Advanced
EPSY433,Advanced
EPSY435,Advanced
EPSY441,Advanced
EPSY442,Advanced
EPSY443,Advanced
EPSY444,Advanced
EPSY459,Advanced
EPSY484,Advanced
EPSY485,Advanced
EPSY489,Advanced
EPSY491,Advanced
ESET210,Undergraduate
ESET211,Undergraduate
ESET219,Undergraduate
ESET269,Undergraduate
ESET300,Advanced
ESET315,Advanced
ESET319,Advanced
ESET329,Advanced
ESET333,Advanced
ESET349,Advanced
ESET350,Advanced
ESET352,Advanced
ESET355,Advanced
ESET359,Advanced
ESET369,Advanced
ESET400,Advanced
ESET415,Advanced
ESET419,Advanced
ESET420,Advanced
ESET444,Advanced
ESET452,Advanced
ESET453,Advanced
ESET455,Advanced
ESET456,Advanced
ESET462,Advanced
ESET469,Advanced
ESET485,Advanced
ESET491,Advanced
EURO285,Undergraduate
EURO289,Undergraduate
EURO291,Undergraduate
EURO405,Advanced
EURO441,Advanced
EURO442,Advanced
EURO443,Advanced
EURO444,Advanced
EURO446,Advanced
EURO447,Advanced
EURO484,Advanced
EURO485,Advanced
EURO489,Advanced
EURO491,Advanced
EVEN201,Undergraduate
EVEN291,Undergraduate
EVEN301,Advanced
EVEN304,Advanced
EVEN311,Advanced
EVEN320,Advanced
EVEN339,Advanced
EVEN399,Advanced
EVEN400,Advanced
EVEN401,Advanced
EVEN402,Advanced
EVEN404,Advanced
EVEN406,Advanced
EVEN413,Advanced
EVEN458,Advanced
EVEN462,Advanced
EVEN463,Advanced
EVEN466,Advanced
EVEN485,Advanced
EVEN491,Advanced
FILM101,Undergraduate
FILM215,Undergraduate
FILM245,Undergraduate
FILM251,Undergraduate
FILM285,Undergraduate
FILM289,Undergraduate
FILM291,Undergraduate
FILM299,Undergraduate
FILM302,Advanced
FILM315,Advanced
FILM324,Advanced
FILM333,Advanced
FILM343,Advanced
FILM345,Advanced
FILM349,Advanced
FILM351,Advanced
FILM352,Advanced
FILM356,Advanced
FILM358,Advanced
FILM366,Advanced
FILM376,Advanced
FILM394,Advanced
FILM398,Advanced
FILM399,Advanced
FILM401,Advanced
FILM405,Advanced
FILM406,Advanced
FILM415,Advanced
FILM417,Advanced
FILM425,Advanced
FILM434,Advanced
FILM435,Advanced
FILM445,Advanced
FILM455,Advanced
FILM465,Advanced
FILM469,Advanced
FILM470,Advanced
FILM475,Advanced
FILM481,Advanced
FILM484,Advanced
FILM485,Advanced
FILM489,Advanced
FILM491,Advanced
FINC210,Undergraduate
FINC211,Undergraduate
FINC267,Undergraduate
FINC285,Undergraduate
FINC341,Advanced
FINC342,Advanced
FINC345,Advanced
FINC350,Advanced
FINC351,Advanced
FINC361,Advanced
FINC368,Advanced
FINC371,Advanced
FINC381,Advanced
FINC409,Advanced
FINC422,Advanced
FINC423,Advanced
FINC424,Advanced
FINC425,Advanced
FINC426,Advanced
FINC427,Advanced
FINC428,Advanced
FINC430,Advanced
FINC435,Advanced
FINC436,Advanced
FINC437,Advanced
FINC440,Advanced
FINC441,Advanced
FINC443,Advanced
FINC445,Advanced
FINC446,Advanced
FINC447,Advanced
FINC448,Advanced
FINC449,Advanced
FINC462,Advanced
FINC463,Advanced
FINC464,Advanced
FINC465,Advanced
FINC466,Advanced
FINC468,Advanced
FINC472,Advanced
FINC475,Advanced
FINC484,Advanced
FINC485,Advanced
FINC489,Advanced
FINP101,Undergraduate
FINP201,Undergraduate
FINP235,Undergraduate
FINP335,Advanced
FINP435,Advanced
FINP436,Advanced
FINP437,Advanced
FINP438,Advanced
FINP439,Advanced
FINP441,Advanced
FINP442,Advanced
FINP443,Advanced
FINP489,Advanced
FIVS101,Undergraduate
FIVS102,Undergraduate
FIVS123,Undergraduate
FIVS205,Undergraduate
FIVS210,Undergraduate
FIVS215,Undergraduate
FIVS220,Undergraduate
FIVS282,Undergraduate
FIVS285,Undergraduate
FIVS289,Undergraduate
FIVS291,Undergraduate
FIVS308,Advanced
FIVS316,Advanced
FIVS401,Advanced
FIVS405,Advanced
FIVS415,Advanced
FIVS420,Advanced
FIVS422,Advanced
FIVS431,Advanced
FIVS432,Advanced
FIVS435,Advanced
FIVS440,Advanced
FIVS481,Advanced
FIVS484,Advanced
FIVS485,Advanced
FIVS489,Advanced
FIVS491,Advanced
FREN101,Undergraduate
FREN102,Undergraduate
FREN201,Undergraduate
FREN202,Undergraduate
FREN221,Undergraduate
FREN222,Undergraduate
FREN285,Undergraduate
FREN289,Undergraduate
FREN300,Advanced
FREN301,Advanced
FREN306,Advanced
FREN311,Advanced
FREN321,Advanced
FREN322,Advanced
FREN336,Advanced
FREN375,Advanced
FREN418,Advanced
FREN422,Advanced
FREN425,Advanced
FREN481,Advanced
FREN485,Advanced
FREN489,Advanced
FREN491,Advanced
FSCI281,Undergraduate
FSCI285,Undergraduate
FSCI289,Undergraduate
FSCI334,Advanced
FSCI360,Advanced
FSCI428,Advanced
FSCI485,Advanced
FSCI489,Advanced
FSCI491,Advanced
FSTC201,Undergraduate
FSTC210,Undergraduate
FSTC281,Undergraduate
FSTC285,Undergraduate
FSTC289,Undergraduate
FSTC291,Undergraduate
FSTC300,Advanced
FSTC305,Advanced
FSTC311,Advanced
FSTC312,Advanced
FSTC313,Advanced
FSTC314,Advanced
FSTC315,Advanced
FSTC316,Advanced
FSTC319,Advanced
FSTC320,Advanced
FSTC324,Advanced
FSTC326,Advanced
FSTC327,Advanced
FSTC330,Advanced
FSTC331,Advanced
FSTC401,Advanced
FSTC410,Advanced
FSTC416,Advanced
FSTC420,Advanced
FSTC422,Advanced
FSTC430,Advanced
FSTC444,Advanced
FSTC457,Advanced
FSTC470,Advanced
FSTC481,Advanced
FSTC484,Advanced
FSTC485,Advanced
FSTC487,Advanced
FSTC489,Advanced
FSTC491,Advanced
FYEX101,Undergraduate
GENE101,Undergraduate
GENE102,Undergraduate
GENE201,Undergraduate
GENE202,Undergraduate
GENE285,Undergraduate
GENE301,Advanced
GENE302,Advanced
GENE303,Advanced
GENE310,Advanced
GENE312,Advanced
GENE314,Advanced
GENE320,Advanced
GENE405,Advanced
GENE406,Advanced
GENE411,Advanced
GENE412,Advanced
GENE416,Advanced
GENE419,Advanced
GENE420,Advanced
GENE421,Advanced
GENE431,Advanced
GENE432,Advanced
GENE464,Advanced
GENE485,Advanced
GENE489,Advanced
GENE491,Advanced
GEOG201,Undergraduate
GEOG202,Undergraduate
GEOG203,Undergraduate
GEOG205,Undergraduate
GEOG213,Undergraduate
GEOG215,Undergraduate
GEOG232,Undergraduate
GEOG285,Undergraduate
GEOG289,Undergraduate
GEOG291,Undergraduate
GEOG301,Advanced
GEOG303,Advanced
GEOG304,Advanced
GEOG305,Advanced
GEOG306,Advanced
GEOG309,Advanced
GEOG311,Advanced
GEOG312,Advanced
GEOG320,Advanced
GEOG323,Advanced
GEOG324,Advanced
GEOG325,Advanced
GEOG330,Advanced
GEOG331,Advanced
GEOG335,Advanced
GEOG352,Advanced
GEOG360,Advanced
GEOG361,Advanced
GEOG370,Advanced
GEOG380,Advanced
GEOG390,Advanced
GEOG391,Advanced
GEOG392,Advanced
GEOG395,Advanced
GEOG398,Advanced
GEOG400,Advanced
GEOG401,Advanced
GEOG405,Advanced
GEOG406,Advanced
GEOG409,Advanced
GEOG410,Advanced
GEOG420,Advanced
GEOG430,Advanced
GEOG434,Advanced
GEOG435,Advanced
GEOG440,Advanced
GEOG442,Advanced
GEOG443,Advanced
GEOG450,Advanced
GEOG461,Advanced
GEOG462,Advanced
GEOG467,Advanced
GEOG475,Advanced
GEOG476,Advanced
GEOG477,Advanced
GEOG478,Advanced
GEOG479,Advanced
GEOG484,Advanced
GEOG485,Advanced
GEOG489,Advanced
GEOG491,Advanced
GEOL101,Undergraduate
GEOL102,Undergraduate
GEOL104,Undergraduate
GEOL106,Undergraduate
GEOL110,Undergraduate
GEOL150,Undergraduate
GEOL152,Undergraduate
GEOL180,Undergraduate
GEOL203,Undergraduate
GEOL207,Undergraduate
GEOL208,Undergraduate
GEOL210,Undergraduate
GEOL250,Undergraduate
GEOL285,Undergraduate
GEOL289,Undergraduate
GEOL291,Undergraduate
GEOL301,Advanced
GEOL304,Advanced
GEOL306,Advanced
GEOL310,Advanced
GEOL312,Advanced
GEOL314,Advanced
GEOL320,Advanced
GEOL330,Advanced
GEOL350,Advanced
GEOL351,Advanced
GEOL352,Advanced
GEOL360,Advanced
GEOL404,Advanced
GEOL410,Advanced
GEOL412,Advanced
GEOL416,Advanced
GEOL420,Advanced
GEOL440,Advanced
GEOL442,Advanced
GEOL443,Advanced
GEOL450,Advanced
GEOL451,Advanced
GEOL478,Advanced
GEOL481,Advanced
GEOL484,Advanced
GEOL485,Advanced
GEOL489,Advanced
GEOL491,Advanced
GEOP170,Undergraduate
GEOP291,Undergraduate
GEOP313,Advanced
GEOP341,Advanced
GEOP361,Advanced
GEOP413,Advanced
GEOP421,Advanced
GEOP435,Advanced
GEOP470,Advanced
GEOP475,Advanced
GEOP484,Advanced
GEOP485,Advanced
GEOP489,Advanced
GEOP491,Advanced
GERM101,Undergraduate
GERM102,Undergraduate
GERM104,Undergraduate
GERM121,Undergraduate
GERM122,Undergraduate
GERM201,Undergraduate
GERM202,Undergraduate
GERM204,Undergraduate
GERM221,Undergraduate
GERM222,Undergraduate
GERM285,Undergraduate
GERM289,Undergraduate
GERM310,Advanced
GERM311,Advanced
GERM315,Advanced
GERM316,Advanced
GERM321,Advanced
GERM322,Advanced
GERM331,Advanced
GERM332,Advanced
GERM333,Advanced
GERM334,Advanced
GERM336,Advanced
GERM362,Advanced
GERM410,Advanced
GERM411,Advanced
GERM435,Advanced
GERM437,Advanced
GERM440,Advanced
GERM441,Advanced
GERM485,Advanced
GERM489,Advanced
GERM491,Advanced
GLST201,Undergraduate
GLST205,Undergraduate
GLST209,Undergraduate
GLST210,Undergraduate
GLST211,Undergraduate
GLST215,Undergraduate
GLST220,Undergraduate
GLST285,Undergraduate
GLST289,Undergraduate
GLST300,Advanced
GLST311,Advanced
GLST400,Advanced
GLST401,Advanced
GLST402,Advanced
GLST403,Advanced
GLST406,Advanced
GLST407,Advanced
GLST408,Advanced
GLST410,Advanced
GLST413,Advanced
GLST444,Advanced
GLST467,Advanced
GLST475,Advanced
GLST481,Advanced
GLST484,Advanced
GLST485,Advanced
GLST489,Advanced
GLST491,Advanced
GLST497,Advanced
HBRW101,Undergraduate
HBRW102,Undergraduate
HBRW285,Undergraduate
HBRW289,Undergraduate
HEFB222,Undergraduate
HEFB324,Advanced
HEFB325,Advanced
HEFB450,Advanced
HHUM107,Undergraduate
HHUM482,Advanced
HISP201,Undergraduate
HISP204,Undergraduate
HISP205,Undergraduate
HISP206,Undergraduate
HISP250,Undergraduate
HISP260,Undergraduate
HISP262,Undergraduate
HISP285,Undergraduate
HISP289,Undergraduate
HISP291,Undergraduate
HISP352,Advanced
HISP362,Advanced
HISP363,Advanced
HISP409,Advanced
HISP413,Advanced
HISP414,Advanced
HISP471,Advanced
HISP474,Advanced
HISP485,Advanced
HISP489,Advanced
HISP491,Advanced
HIST101,Undergraduate
HIST102,Undergraduate
HIST103,Undergraduate
HIST104,Undergraduate
HIST105,Undergraduate
HIST106,Undergraduate
HIST201,Undergraduate
HIST202,Undergraduate
HIST209,Undergraduate
HIST210,Undergraduate
HIST212,Undergraduate
HIST213,Undergraduate
HIST214,Undergraduate
HIST220,Undergraduate
HIST221,Undergraduate
HIST222,Undergraduate
HIST225,Undergraduate
HIST226,Undergraduate
HIST230,Undergraduate
HIST231,Undergraduate
HIST232,Undergraduate
HIST234,Undergraduate
HIST236,Undergraduate
HIST240,Undergraduate
HIST241,Undergraduate
HIST242,Undergraduate
HIST258,Undergraduate
HIST280,Undergraduate
HIST285,Undergraduate
HIST289,Undergraduate
HIST291,Undergraduate
HIST300,Advanced
HIST301,Advanced
HIST302,Advanced
HIST303,Advanced
HIST304,Advanced
HIST305,Advanced
HIST307,Advanced
HIST308,Advanced
HIST316,Advanced
HIST317,Advanced
HIST319,Advanced
HIST320,Advanced
HIST321,Advanced
HIST322,Advanced
HIST323,Advanced
HIST326,Advanced
HIST330,Advanced
HIST331,Advanced
HIST333,Advanced
HIST334,Advanced
HIST335,Advanced
HIST336,Advanced
HIST337,Advanced
HIST338,Advanced
HIST339,Advanced
HIST340,Advanced
HIST341,Advanced
HIST342,Advanced
HIST343,Advanced
HIST344,Advanced
HIST345,Advanced
HIST346,Advanced
HIST347,Advanced
HIST348,Advanced
HIST349,Advanced
HIST350,Advanced
HIST352,Advanced
HIST353,Advanced
HIST354,Advanced
HIST355,Advanced
HIST356,Advanced
HIST357,Advanced
HIST358,Advanced
HIST359,Advanced
HIST360,Advanced
HIST361,Advanced
HIST362,Advanced
HIST363,Advanced
HIST364,Advanced
HIST365,Advanced
HIST366,Advanced
HIST367,Advanced
HIST368,Advanced
HIST369,Advanced
HIST370,Advanced
HIST371,Advanced
HIST372,Advanced
HIST373,Advanced
HIST374,Advanced
HIST376,Advanced
HIST377,Advanced
HIST378,Advanced
HIST379,Advanced
HIST380,Advanced
HIST381,Advanced
HIST382,Advanced
HIST401,Advanced
HIST402,Advanced
HIST404,Advanced
HIST405,Advanced
HIST406,Advanced
HIST407,Advanced
HIST409,Advanced
HIST410,Advanced
HIST411,Advanced
HIST412,Advanced
HIST416,Advanced
HIST418,Advanced
HIST419,Advanced
HIST420,Advanced
HIST421,Advanced
HIST425,Advanced
HIST426,Advanced
HIST427,Advanced
HIST428,Advanced
HIST429,Advanced
HIST431,Advanced
HIST432,Advanced
HIST433,Advanced
HIST434,Advanced
HIST435,Advanced
HIST436,Advanced
HIST437,Advanced
HIST438,Advanced
HIST439,Advanced
HIST441,Advanced
HIST442,Advanced
HIST443,Advanced
HIST444,Advanced
HIST445,Advanced
HIST447,Advanced
HIST448,Advanced
HIST449,Advanced
HIST450,Advanced
HIST451,Advanced
HIST452,Advanced
HIST453,Advanced
HIST455,Advanced
HIST458,Advanced
HIST459,Advanced
HIST460,Advanced
HIST461,Advanced
HIST462,Advanced
HIST463,Advanced
HIST464,Advanced
HIST468,Advanced
HIST469,Advanced
HIST470,Advanced
HIST471,Advanced
HIST472,Advanced
HIST473,Advanced
HIST474,Advanced
HIST475,Advanced
HIST476,Advanced
HIST477,Advanced
HIST478,Advanced
HIST481,Advanced
HIST485,Advanced
HIST489,Advanced
HIST491,Advanced
HIST497,Advanced
HLTH210,Undergraduate
HLTH214,Undergraduate
HLTH216,Undergraduate
HLTH221,Undergraduate
HLTH222,Undergraduate
HLTH231,Undergraduate
HLTH236,Undergraduate
HLTH240,Undergraduate
HLTH285,Undergraduate
HLTH291,Undergraduate
HLTH331,Advanced
HLTH332,Advanced
HLTH333,Advanced
HLTH334,Advanced
HLTH335,Advanced
HLTH342,Advanced
HLTH353,Advanced
HLTH354,Advanced
HLTH403,Advanced
HLTH405,Advanced
HLTH407,Advanced
HLTH410,Advanced
HLTH415,Advanced
HLTH421,Advanced
HLTH425,Advanced
HLTH429,Advanced
HLTH440,Advanced
HLTH445,Advanced
HLTH481,Advanced
HLTH482,Advanced
HLTH484,Advanced
HLTH485,Advanced
HLTH489,Advanced
HLTH491,Advanced
HMGT201,Undergraduate
HMGT204,Undergraduate
HMGT207,Undergraduate
HMGT210,Undergraduate
HMGT211,Undergraduate
HMGT212,Undergraduate
HMGT223,Undergraduate
HMGT281,Undergraduate
HMGT291,Undergraduate
HMGT300,Advanced
HMGT301,Advanced
HMGT302,Advanced
HMGT312,Advanced
HMGT313,Advanced
HMGT314,Advanced
HMGT319,Advanced
HMGT320,Advanced
HMGT331,Advanced
HMGT333,Advanced
HMGT336,Advanced
HMGT340,Advanced
HMGT352,Advanced
HMGT353,Advanced
HMGT354,Advanced
HMGT380,Advanced
HMGT382,Advanced
HMGT384,Advanced
HMGT401,Advanced
HMGT402,Advanced
HMGT411,Advanced
HMGT412,Advanced
HMGT424,Advanced
HMGT426,Advanced
HMGT430,Advanced
HMGT440,Advanced
HMGT442,Advanced
HMGT446,Advanced
HMGT449,Advanced
HMGT450,Advanced
HMGT451,Advanced
HMGT452,Advanced
HMGT465,Advanced
HMGT467,Advanced
HMGT470,Advanced
HMGT476,Advanced
HMGT480,Advanced
HMGT481,Advanced
HMGT484,Advanced
HMGT485,Advanced
HMGT489,Advanced
HMGT491,Advanced
HORT201,Undergraduate
HORT202,Undergraduate
HORT203,Undergraduate
HORT281,Undergraduate
HORT291,Undergraduate
HORT301,Advanced
HORT306,Advanced
HORT308,Advanced
HORT313,Advanced
HORT315,Advanced
HORT319,Advanced
HORT325,Advanced
HORT326,Advanced
HORT332,Advanced
HORT335,Advanced
HORT360,Advanced
HORT400,Advanced
HORT404,Advanced
HORT411,Advanced
HORT416,Advanced
HORT418,Advanced
HORT419,Advanced
HORT420,Advanced
HORT421,Advanced
HORT423,Advanced
HORT425,Advanced
HORT426,Advanced
HORT428,Advanced
HORT429,Advanced
HORT431,Advanced
HORT432,Advanced
HORT435,Advanced
HORT440,Advanced
HORT442,Advanced
HORT446,Advanced
HORT450,Advanced
HORT451,Advanced
HORT452,Advanced
HORT453,Advanced
HORT454,Advanced
HORT460,Advanced
HORT481,Advanced
HORT484,Advanced
HORT485,Advanced
HORT489,Advanced
HORT491,Advanced
HUMA304,Advanced
HUMA321,Advanced
HUMA485,Advanced
HUMA489,Advanced
IBUS285,Undergraduate
IBUS289,Undergraduate
IBUS291,Undergraduate
IBUS301,Advanced
IBUS310,Advanced
IBUS320,Advanced
IBUS401,Advanced
IBUS402,Advanced
IBUS403,Advanced
IBUS430,Advanced
IBUS440,Advanced
IBUS445,Advanced
IBUS446,Advanced
IBUS450,Advanced
IBUS452,Advanced
IBUS455,Advanced
IBUS456,Advanced
IBUS457,Advanced
IBUS459,Advanced
IBUS460,Advanced
IBUS484,Advanced
IBUS485,Advanced
IBUS489,Advanced
IBUS491,Advanced
IDIS240,Undergraduate
IDIS330,Advanced
IDIS340,Advanced
IDIS343,Advanced
IDIS344,Advanced
IDIS364,Advanced
IDIS371,Advanced
IDIS424,Advanced
IDIS433,Advanced
IDIS434,Advanced
IDIS443,Advanced
IDIS444,Advanced
IDIS450,Advanced
IDIS464,Advanced
IDIS471,Advanced
IDIS481,Advanced
IDIS484,Advanced
IDIS485,Advanced
IDIS489,Advanced
IDIS491,Advanced
INST181,Undergraduate
INST210,Undergraduate
INST222,Undergraduate
INST291,Undergraduate
INST301,Advanced
INST362,Advanced
INST363,Advanced
INST491,Advanced
INTA205,Undergraduate
INTA211,Undergraduate
INTA216,Undergraduate
INTA221,Undergraduate
INTA231,Undergraduate
INTA251,Undergraduate
INTA261,Undergraduate
INTA285,Undergraduate
INTA289,Undergraduate
INTA300,Advanced
INTA301,Advanced
INTA321,Advanced
INTA323,Advanced
INTA330,Advanced
INTA352,Advanced
INTA401,Advanced
INTA403,Advanced
INTA405,Advanced
INTA406,Advanced
INTA409,Advanced
INTA410,Advanced
INTA412,Advanced
INTA415,Advanced
INTA418,Advanced
INTA443,Advanced
INTA445,Advanced
INTA452,Advanced
INTA455,Advanced
INTA473,Advanced
INTA476,Advanced
INTA481,Advanced
INTA484,Advanced
INTA485,Advanced
INTA486,Advanced
INTA489,Advanced
INTA491,Advanced
INTA494,Advanced
INTA497,Advanced
ISEN210,Undergraduate
ISEN230,Undergraduate
ISEN281,Undergraduate
ISEN285,Undergraduate
ISEN289,Undergraduate
ISEN291,Undergraduate
ISEN302,Advanced
ISEN310,Advanced
ISEN311,Advanced
ISEN320,Advanced
ISEN330,Advanced
ISEN340,Advanced
ISEN350,Advanced
ISEN355,Advanced
ISEN360,Advanced
ISEN370,Advanced
ISEN399,Advanced
ISEN405,Advanced
ISEN410,Advanced
ISEN411,Advanced
ISEN413,Advanced
ISEN414,Advanced
ISEN425,Advanced
ISEN427,Advanced
ISEN432,Advanced
ISEN433,Advanced
ISEN434,Advanced
ISEN440,Advanced
ISEN441,Advanced
ISEN442,Advanced
ISEN453,Advanced
ISEN460,Advanced
ISEN485,Advanced
ISEN489,Advanced
ISEN491,Advanced
ISTM209,Undergraduate
ISTM210,Undergraduate
ISTM250,Undergraduate
ISTM281,Undergraduate
ISTM310,Advanced
ISTM313,Advanced
ISTM315,Advanced
ISTM320,Advanced
ISTM325,Advanced
ISTM360,Advanced
ISTM365,Advanced
ISTM380,Advanced
ISTM381,Advanced
ISTM410,Advanced
ISTM415,Advanced
ISTM420,Advanced
ISTM440,Advanced
ISTM444,Advanced
ISTM450,Advanced
ISTM455,Advanced
ISTM481,Advanced
ISTM482,Advanced
ISTM484,Advanced
ISTM485,Advanced
ISTM489,Advanced
ISTM601,Graduate
ISTM610,Graduate
ISTM612,Graduate
ISTM615,Graduate
ISTM620,Graduate
ISTM622,Graduate
ISTM624,Graduate
ISTM630,Graduate
ISTM631,Graduate
ISTM635,Graduate
ISTM637,Graduate
ISTM643,Graduate
ISTM644,Graduate
ISTM645,Graduate
ISTM650,Graduate
ISTM652,Graduate
ISTM655,Graduate
ISTM657,Graduate
ISTM660,Graduate
ISTM662,Graduate
ISTM665,Graduate
ISTM670,Graduate
ISTM680,Graduate
ISTM681,Graduate
ISTM682,Graduate
ISTM683,Graduate
ISTM684,Graduate
ISTM685,Graduate
ISTM689,Graduate
ISTM705,Graduate
ITAL101,Undergraduate
ITAL102,Undergraduate
ITAL201,Undergraduate
ITAL202,Undergraduate
ITAL221,Undergraduate
ITAL222,Undergraduate
ITAL251,Undergraduate
ITAL285,Undergraduate
ITAL289,Undergraduate
ITAL303,Advanced
ITAL321,Advanced
ITAL322,Advanced
ITAL452,Advanced
ITAL453,Advanced
ITAL455,Advanced
ITAL456,Advanced
ITAL485,Advanced
ITAL489,Advanced
ITAL491,Advanced
ITDE201,Undergraduate
ITDE285,Undergraduate
ITDE289,Undergraduate
ITDE291,Undergraduate
ITDE301,Advanced
ITDE399,Advanced
ITDE401,Advanced
ITDE402,Advanced
ITDE485,Advanced
ITDE489,Advanced
ITDE491,Advanced
ITDE499,Advanced
ITSV101,Undergraduate
ITSV272,Undergraduate
ITSV274,Undergraduate
ITSV303,Advanced
ITSV308,Advanced
ITSV316,Advanced
ITSV385,Advanced
ITSV396,Advanced
ITSV412,Advanced
ITSV465,Advanced
ITSV475,Advanced
ITSV476,Advanced
JAPN101,Undergraduate
JAPN102,Undergraduate
JAPN201,Undergraduate
JAPN202,Undergraduate
JAPN285,Undergraduate
JAPN289,Undergraduate
JAPN291,Undergraduate
JAPN301,Advanced
JAPN302,Advanced
JAPN325,Advanced
JAPN401,Advanced
JAPN402,Advanced
JAPN485,Advanced
JAPN489,Advanced
JAPN491,Advanced
JOUR102,Undergraduate
JOUR200,Undergraduate
JOUR203,Undergraduate
JOUR208,Undergraduate
JOUR215,Undergraduate
JOUR230,Undergraduate
JOUR248,Undergraduate
JOUR250,Undergraduate
JOUR255,Undergraduate
JOUR275,Undergraduate
JOUR285,Undergraduate
JOUR289,Undergraduate
JOUR291,Undergraduate
JOUR301,Advanced
JOUR302,Advanced
JOUR303,Advanced
JOUR304,Advanced
JOUR305,Advanced
JOUR306,Advanced
JOUR313,Advanced
JOUR317,Advanced
JOUR318,Advanced
JOUR319,Advanced
JOUR341,Advanced
JOUR345,Advanced
JOUR346,Advanced
JOUR359,Advanced
JOUR365,Advanced
JOUR450,Advanced
JOUR451,Advanced
JOUR452,Advanced
JOUR455,Advanced
JOUR458,Advanced
JOUR459,Advanced
JOUR468,Advanced
JOUR484,Advanced
JOUR485,Advanced
JOUR489,Advanced
JOUR490,Advanced
JOUR491,Advanced
JWST201,Undergraduate
JWST285,Undergraduate
JWST289,Undergraduate
JWST291,Undergraduate
JWST301,Advanced
JWST315,Advanced
JWST485,Advanced
JWST489,Advanced
JWST491,Advanced
KINE120,Undergraduate
KINE121,Undergraduate
KINE175,Undergraduate
KINE199,Undergraduate
KINE210,Undergraduate
KINE213,Undergraduate
KINE214,Undergraduate
KINE215,Undergraduate
KINE216,Undergraduate
KINE223,Undergraduate
KINE282,Undergraduate
KINE285,Undergraduate
KINE289,Undergraduate
KINE291,Undergraduate
KINE305,Advanced
KINE307,Advanced
KINE308,Advanced
KINE311,Advanced
KINE312,Advanced
KINE314,Advanced
KINE317,Advanced
KINE318,Advanced
KINE321,Advanced
KINE324,Advanced
KINE325,Advanced
KINE334,Advanced
KINE335,Advanced
KINE340,Advanced
KINE345,Advanced
KINE351,Advanced
KINE353,Advanced
KINE355,Advanced
KINE370,Advanced
KINE386,Advanced
KINE404,Advanced
KINE406,Advanced
KINE407,Advanced
KINE425,Advanced
KINE426,Advanced
KINE427,Advanced
KINE428,Advanced
KINE429,Advanced
KINE433,Advanced
KINE435,Advanced
KINE439,Advanced
KINE483,Advanced
KINE484,Advanced
KINE485,Advanced
KINE489,Advanced
KINE491,Advanced
KNFB222,Undergraduate
KNFB315,Advanced
KNFB324,Advanced
KNFB325,Advanced
KNFB416,Advanced
KNFB450,Advanced
LAND101,Undergraduate
LAND111,Undergraduate
LAND112,Undergraduate
LAND210,Undergraduate
LAND211,Undergraduate
LAND212,Undergraduate
LAND231,Undergraduate
LAND232,Undergraduate
LAND240,Undergraduate
LAND241,Undergraduate
LAND291,Undergraduate
LAND301,Advanced
LAND311,Advanced
LAND312,Advanced
LAND331,Advanced
LAND412,Advanced
LAND431,Advanced
LAND484,Advanced
LAND485,Advanced
LAND489,Advanced
LAND491,Advanced
LAND494,Advanced
LING209,Undergraduate
LING291,Undergraduate
LING307,Advanced
LING310,Advanced
LING403,Advanced
LING481,Advanced
LING485,Advanced
LING489,Advanced
LING491,Advanced
LMAS201,Undergraduate
LMAS285,Undergraduate
LMAS289,Undergraduate
LMAS291,Undergraduate
LMAS422,Advanced
LMAS423,Advanced
LMAS468,Advanced
LMAS484,Advanced
LMAS485,Advanced
LMAS489,Advanced
LMAS491,Advanced
LTPS130,Undergraduate
LTPS210,Undergraduate
LTPS240,Undergraduate
LTPS311,Advanced
LTPS312,Advanced
LTPS350,Advanced
LTPS360,Advanced
LTPS440,Advanced
LTPS484,Advanced
MARA201,Undergraduate
MARA205,Undergraduate
MARA212,Undergraduate
MARA285,Undergraduate
MARA289,Undergraduate
MARA301,Advanced
MARA304,Advanced
MARA342,Advanced
MARA345,Advanced
MARA346,Advanced
MARA347,Advanced
MARA348,Advanced
MARA350,Advanced
MARA360,Advanced
MARA363,Advanced
MARA373,Advanced
MARA401,Advanced
MARA402,Advanced
MARA403,Advanced
MARA416,Advanced
MARA421,Advanced
MARA424,Advanced
MARA435,Advanced
MARA440,Advanced
MARA445,Advanced
MARA446,Advanced
MARA450,Advanced
MARA461,Advanced
MARA466,Advanced
MARA470,Advanced
MARA475,Advanced
MARA484,Advanced
MARA485,Advanced
MARA489,Advanced
MARA490,Advanced
MARA491,Advanced
MARA493,Advanced
MARB101,Undergraduate
MARB214,Undergraduate
MARB215,Undergraduate
MARB285,Undergraduate
MARB289,Undergraduate
MARB300,Advanced
MARB301,Advanced
MARB302,Advanced
MARB303,Advanced
MARB310,Advanced
MARB311,Advanced
MARB315,Advanced
MARB320,Advanced
MARB335,Advanced
MARB360,Advanced
MARB400,Advanced
MARB401,Advanced
MARB403,Advanced
MARB405,Advanced
MARB406,Advanced
MARB407,Advanced
MARB408,Advanced
MARB410,Advanced
MARB411,Advanced
MARB414,Advanced
MARB420,Advanced
MARB421,Advanced
MARB422,Advanced
MARB423,Advanced
MARB425,Advanced
MARB426,Advanced
MARB430,Advanced
MARB433,Advanced
MARB435,Advanced
MARB437,Advanced
MARB438,Advanced
MARB445,Advanced
MARB460,Advanced
MARB484,Advanced
MARB485,Advanced
MARB489,Advanced
MARB491,Advanced
MARE100,Undergraduate
MARE102,Undergraduate
MARE111,Undergraduate
MARE112,Undergraduate
MARE200,Undergraduate
MARE202,Undergraduate
MARE205,Undergraduate
MARE206,Undergraduate
MARE207,Undergraduate
MARE209,Undergraduate
MARE211,Undergraduate
MARE242,Undergraduate
MARE243,Undergraduate
MARE261,Undergraduate
MARE285,Undergraduate
MARE289,Undergraduate
MARE291,Undergraduate
MARE300,Advanced
MARE301,Advanced
MARE305,Advanced
MARE306,Advanced
MARE307,Advanced
MARE309,Advanced
MARE312,Advanced
MARE313,Advanced
MARE315,Advanced
MARE316,Advanced
MARE325,Advanced
MARE327,Advanced
MARE335,Advanced
MARE345,Advanced
MARE350,Advanced
MARE377,Advanced
MARE396,Advanced
MARE399,Advanced
MARE400,Advanced
MARE402,Advanced
MARE405,Advanced
MARE410,Advanced
MARE424,Advanced
MARE434,Advanced
MARE441,Advanced
MARE442,Advanced
MARE443,Advanced
MARE445,Advanced
MARE451,Advanced
MARE452,Advanced
MARE467,Advanced
MARE481,Advanced
MARE482,Advanced
MARE484,Advanced
MARE485,Advanced
MARE489,Advanced
MARE491,Advanced
MARR102,Undergraduate
MARS102,Undergraduate
MARS210,Undergraduate
MARS252,Undergraduate
MARS280,Undergraduate
MARS281,Undergraduate
MARS285,Undergraduate
MARS289,Undergraduate
MARS303,Advanced
MARS305,Advanced
MARS306,Advanced
MARS310,Advanced
MARS325,Advanced
MARS330,Advanced
MARS336,Advanced
MARS342,Advanced
MARS350,Advanced
MARS358,Advanced
MARS365,Advanced
MARS370,Advanced
MARS408,Advanced
MARS410,Advanced
MARS412,Advanced
MARS415,Advanced
MARS420,Advanced
MARS425,Advanced
MARS426,Advanced
MARS430,Advanced
MARS431,Advanced
MARS432,Advanced
MARS440,Advanced
MARS454,Advanced
MARS456,Advanced
MARS460,Advanced
MARS461,Advanced
MARS470,Advanced
MARS481,Advanced
MARS484,Advanced
MARS485,Advanced
MARS489,Advanced
MARS491,Advanced
MART103,Undergraduate
MART104,Undergraduate
MART115,Undergraduate
MART130,Undergraduate
MART200,Undergraduate
MART201,Undergraduate
MART202,Undergraduate
MART204,Undergraduate
MART205,Undergraduate
MART208,Undergraduate
MART210,Undergraduate
MART212,Undergraduate
MART213,Undergraduate
MART215,Undergraduate
MART225,Undergraduate
MART265,Undergraduate
MART285,Undergraduate
MART289,Undergraduate
MART300,Advanced
MART303,Advanced
MART307,Advanced
MART308,Advanced
MART310,Advanced
MART311,Advanced
MART313,Advanced
MART315,Advanced
MART321,Advanced
MART350,Advanced
MART400,Advanced
MART401,Advanced
MART403,Advanced
MART404,Advanced
MART410,Advanced
MART420,Advanced
MART430,Advanced
MART484,Advanced
MART485,Advanced
MART489,Advanced
MART491,Advanced
MART498,Advanced
MASC320,Advanced
MASC351,Advanced
MASC420,Advanced
MASC450,Advanced
MASC489,Advanced
MASE400,Advanced
MASE401,Advanced
MASE407,Advanced
MASE410,Advanced
MASE485,Advanced
MASE489,Advanced
MASE491,Advanced
MAST101,Undergraduate
MAST220,Undergraduate
MAST226,Undergraduate
MAST230,Undergraduate
MAST240,Undergraduate
MAST252,Undergraduate
MAST265,Undergraduate
MAST270,Undergraduate
MAST289,Undergraduate
MAST333,Advanced
MAST336,Advanced
MAST345,Advanced
MAST350,Advanced
MAST354,Advanced
MAST365,Advanced
MAST369,Advanced
MAST371,Advanced
MAST411,Advanced
MAST425,Advanced
MAST441,Advanced
MAST470,Advanced
MAST480,Advanced
MAST481,Advanced
MAST484,Advanced
MAST485,Advanced
MAST489,Advanced
MAST491,Advanced
MATH102,Undergraduate
MATH135,Undergraduate
MATH136,Undergraduate
MATH140,Undergraduate
MATH142,Undergraduate
MATH147,Undergraduate
MATH148,Undergraduate
MATH150,Undergraduate
MATH151,Undergraduate
MATH152,Undergraduate
MATH167,Undergraduate
MATH168,Undergraduate
MATH170,Undergraduate
MATH171,Undergraduate
MATH172,Undergraduate
MATH200,Undergraduate
MATH221,Undergraduate
MATH225,Undergraduate
MATH251,Undergraduate
MATH253,Undergraduate
MATH281,Undergraduate
MATH285,Undergraduate
MATH289,Undergraduate
MATH291,Undergraduate
MATH300,Advanced
MATH302,Advanced
MATH304,Advanced
MATH307,Advanced
MATH308,Advanced
MATH309,Advanced
MATH311,Advanced
MATH323,Advanced
MATH325,Advanced
MATH365,Advanced
MATH366,Advanced
MATH367,Advanced
MATH375,Advanced
MATH376,Advanced
MATH396,Advanced
MATH401,Advanced
MATH403,Advanced
MATH407,Advanced
MATH409,Advanced
MATH410,Advanced
MATH411,Advanced
MATH412,Advanced
MATH414,Advanced
MATH415,Advanced
MATH416,Advanced
MATH417,Advanced
MATH419,Advanced
MATH420,Advanced
MATH423,Advanced
MATH424,Advanced
MATH425,Advanced
MATH427,Advanced
MATH431,Advanced
MATH433,Advanced
MATH436,Advanced
MATH437,Advanced
MATH439,Advanced
MATH442,Advanced
MATH446,Advanced
MATH447,Advanced
MATH460,Advanced
MATH467,Advanced
MATH469,Advanced
MATH470,Advanced
MATH471,Advanced
MATH472,Advanced
MATH478,Advanced
MATH482,Advanced
MATH485,Advanced
MATH489,Advanced
MATH490,Advanced
MATH491,Advanced
MEEN210,Undergraduate
MEEN221,Undergraduate
MEEN222,Undergraduate
MEEN223,Undergraduate
MEEN225,Undergraduate
MEEN260,Undergraduate
MEEN285,Undergraduate
MEEN289,Undergraduate
MEEN291,Undergraduate
MEEN305,Advanced
MEEN315,Advanced
MEEN344,Advanced
MEEN345,Advanced
MEEN357,Advanced
MEEN360,Advanced
MEEN361,Advanced
MEEN363,Advanced
MEEN364,Advanced
MEEN365,Advanced
MEEN368,Advanced
MEEN381,Advanced
MEEN399,Advanced
MEEN401,Advanced
MEEN402,Advanced
MEEN404,Advanced
MEEN406,Advanced
MEEN407,Advanced
MEEN408,Advanced
MEEN410,Advanced
MEEN411,Advanced
MEEN417,Advanced
MEEN421,Advanced
MEEN423,Advanced
MEEN431,Advanced
MEEN432,Advanced
MEEN433,Advanced
MEEN434,Advanced
MEEN435,Advanced
MEEN436,Advanced
MEEN437,Advanced
MEEN439,Advanced
MEEN440,Advanced
MEEN441,Advanced
MEEN442,Advanced
MEEN444,Advanced
MEEN445,Advanced
MEEN451,Advanced
MEEN453,Advanced
MEEN454,Advanced
MEEN455,Advanced
MEEN458,Advanced
MEEN459,Advanced
MEEN460,Advanced
MEEN461,Advanced
MEEN464,Advanced
MEEN467,Advanced
MEEN469,Advanced
MEEN471,Advanced
MEEN472,Advanced
MEEN475,Advanced
MEEN477,Advanced
MEEN483,Advanced
MEEN484,Advanced
MEEN485,Advanced
MEEN489,Advanced
MEEN491,Advanced
MEEN496,Advanced
MEEN497,Advanced
MEEN498,Advanced
MEFB351,Advanced
MEFB450,Advanced
MEFB452,Advanced
MEFB460,Advanced
MEFB470,Advanced
MEFB497,Advanced
MEPS291,Undergraduate
MEPS485,Advanced
MEPS489,Advanced
MEPS491,Advanced
MGMT209,Undergraduate
MGMT289,Undergraduate
MGMT309,Advanced
MGMT311,Advanced
MGMT312,Advanced
MGMT363,Advanced
MGMT372,Advanced
MGMT373,Advanced
MGMT376,Advanced
MGMT421,Advanced
MGMT422,Advanced
MGMT424,Advanced
MGMT425,Advanced
MGMT427,Advanced
MGMT430,Advanced
MGMT432,Advanced
MGMT435,Advanced
MGMT439,Advanced
MGMT440,Advanced
MGMT450,Advanced
MGMT452,Advanced
MGMT457,Advanced
MGMT460,Advanced
MGMT464,Advanced
MGMT465,Advanced
MGMT466,Advanced
MGMT470,Advanced
MGMT475,Advanced
MGMT476,Advanced
MGMT477,Advanced
MGMT478,Advanced
MGMT479,Advanced
MGMT481,Advanced
MGMT484,Advanced
MGMT485,Advanced
MGMT489,Advanced
MICR289,Undergraduate
MICR291,Undergraduate
MICR489,Advanced
MICR491,Advanced
MKTG289,Undergraduate
MKTG299,Undergraduate
MKTG321,Advanced
MKTG322,Advanced
MKTG323,Advanced
MKTG325,Advanced
MKTG326,Advanced
MKTG335,Advanced
MKTG336,Advanced
MKTG337,Advanced
MKTG345,Advanced
MKTG347,Advanced
MKTG401,Advanced
MKTG402,Advanced
MKTG403,Advanced
MKTG404,Advanced
MKTG409,Advanced
MKTG425,Advanced
MKTG426,Advanced
MKTG427,Advanced
MKTG430,Advanced
MKTG431,Advanced
MKTG435,Advanced
MKTG436,Advanced
MKTG437,Advanced
MKTG438,Advanced
MKTG440,Advanced
MKTG441,Advanced
MKTG442,Advanced
MKTG443,Advanced
MKTG444,Advanced
MKTG445,Advanced
MKTG447,Advanced
MKTG448,Advanced
MKTG451,Advanced
MKTG484,Advanced
MKTG485,Advanced
MKTG489,Advanced
MLSC121,Undergraduate
MLSC122,Undergraduate
MLSC221,Undergraduate
MLSC222,Undergraduate
MLSC321,Advanced
MLSC322,Advanced
MLSC421,Advanced
MLSC422,Advanced
MLSC485,Advanced
MLSC489,Advanced
MLSC491,Advanced
MMET105,Undergraduate
MMET181,Undergraduate
MMET201,Undergraduate
MMET206,Undergraduate
MMET207,Undergraduate
MMET275,Undergraduate
MMET281,Undergraduate
MMET301,Advanced
MMET303,Advanced
MMET307,Advanced
MMET313,Advanced
MMET320,Advanced
MMET361,Advanced
MMET363,Advanced
MMET370,Advanced
MMET376,Advanced
MMET380,Advanced
MMET383,Advanced
MMET401,Advanced
MMET402,Advanced
MMET405,Advanced
MMET410,Advanced
MMET412,Advanced
MMET414,Advanced
MMET418,Advanced
MMET422,Advanced
MMET429,Advanced
MMET463,Advanced
MMET485,Advanced
MMET491,Advanced
MODL221,Undergraduate
MODL222,Undergraduate
MODL285,Undergraduate
MODL289,Undergraduate
MODL485,Advanced
MODL489,Advanced
MSEN201,Undergraduate
MSEN205,Undergraduate
MSEN210,Undergraduate
MSEN222,Undergraduate
MSEN250,Undergraduate
MSEN260,Undergraduate
MSEN281,Undergraduate
MSEN285,Undergraduate
MSEN289,Undergraduate
MSEN291,Undergraduate
MSEN301,Advanced
MSEN302,Advanced
MSEN305,Advanced
MSEN320,Advanced
MSEN325,Advanced
MSEN330,Advanced
MSEN360,Advanced
MSEN380,Advanced
MSEN399,Advanced
MSEN400,Advanced
MSEN401,Advanced
MSEN402,Advanced
MSEN410,Advanced
MSEN415,Advanced
MSEN418,Advanced
MSEN420,Advanced
MSEN426,Advanced
MSEN430,Advanced
MSEN440,Advanced
MSEN444,Advanced
MSEN446,Advanced
MSEN448,Advanced
MSEN458,Advanced
MSEN468,Advanced
MSEN470,Advanced
MSEN472,Advanced
MSEN484,Advanced
MSEN485,Advanced
MSEN489,Advanced
MSEN491,Advanced
MSTC101,Undergraduate
MSTC150,Undergraduate
MSTC221,Undergraduate
MSTC223,Undergraduate
MSTC224,Undergraduate
MSTC245,Undergraduate
MSTC311,Advanced
MSTC341,Advanced
MSTC352,Advanced
MSTC354,Advanced
MSTC417,Advanced
MSTC489,Advanced
MTDE252,Undergraduate
MTDE285,Undergraduate
MTDE289,Undergraduate
MTDE291,Undergraduate
MTDE311,Advanced
MTDE312,Advanced
MTDE313,Advanced
MTDE314,Advanced
MTDE315,Advanced
MTDE320,Advanced
MTDE333,Advanced
MTDE334,Advanced
MTDE371,Advanced
MTDE380,Advanced
MTDE381,Advanced
MTDE409,Advanced
MTDE421,Advanced
MTDE430,Advanced
MTDE432,Advanced
MTDE433,Advanced
MTDE440,Advanced
MTDE441,Advanced
MTDE442,Advanced
MTDE443,Advanced
MTDE445,Advanced
MTDE446,Advanced
MTDE450,Advanced
MTDE451,Advanced
MTDE461,Advanced
MTDE485,Advanced
MTDE489,Advanced
MTDE491,Advanced
MUSC102,Undergraduate
MUSC115,Undergraduate
MUSC130,Undergraduate
MUSC140,Undergraduate
MUSC200,Undergraduate
MUSC201,Undergraduate
MUSC203,Undergraduate
MUSC204,Undergraduate
MUSC205,Undergraduate
MUSC206,Undergraduate
MUSC208,Undergraduate
MUSC210,Undergraduate
MUSC211,Undergraduate
MUSC212,Undergraduate
MUSC220,Undergraduate
MUSC221,Undergraduate
MUSC222,Undergraduate
MUSC224,Undergraduate
MUSC225,Undergraduate
MUSC226,Undergraduate
MUSC230,Undergraduate
MUSC235,Undergraduate
MUSC241,Undergraduate
MUSC242,Undergraduate
MUSC243,Undergraduate
MUSC244,Undergraduate
MUSC245,Undergraduate
MUSC246,Undergraduate
MUSC253,Undergraduate
MUSC254,Undergraduate
MUSC255,Undergraduate
MUSC256,Undergraduate
MUSC270,Undergraduate
MUSC271,Undergraduate
MUSC272,Undergraduate
MUSC273,Undergraduate
MUSC277,Undergraduate
MUSC280,Undergraduate
MUSC282,Undergraduate
MUSC283,Undergraduate
MUSC290,Undergraduate
MUSC300,Advanced
MUSC305,Advanced
MUSC311,Advanced
MUSC312,Advanced
MUSC315,Advanced
MUSC323,Advanced
MUSC324,Advanced
MUSC327,Advanced
MUSC330,Advanced
MUSC335,Advanced
MUSC345,Advanced
MUSC353,Advanced
MUSC354,Advanced
MUSC355,Advanced
MUSC356,Advanced
MUSC370,Advanced
MUSC371,Advanced
MUSC372,Advanced
MUSC373,Advanced
MUSC375,Advanced
MUSC381,Advanced
MUSC386,Advanced
MUSC424,Advanced
MUSC430,Advanced
MUSC441,Advanced
MUSC479,Advanced
MUSC489,Advanced
MUSC491,Advanced
MUST221,Undergraduate
MUST421,Advanced
MUST484,Advanced
MXET220,Undergraduate
MXET250,Undergraduate
MXET300,Advanced
MXET345,Advanced
MXET375,Advanced
MXET400,Advanced
MXET450,Advanced
MXET485,Advanced
MXET491,Advanced
NAUT300,Advanced
NAUT400,Advanced
NRSC201,Undergraduate
NRSC289,Undergraduate
NRSC401,Advanced
NRSC407,Advanced
NRSC428,Advanced
NRSC434,Advanced
NRSC444,Advanced
NRSC485,Advanced
NRSC489,Advanced
NRSC491,Advanced
NUEN101,Undergraduate
NUEN102,Undergraduate
NUEN201,Undergraduate
NUEN265,Undergraduate
NUEN289,Undergraduate
NUEN301,Advanced
NUEN302,Advanced
NUEN303,Advanced
NUEN304,Advanced
NUEN309,Advanced
NUEN315,Advanced
NUEN329,Advanced
NUEN330,Advanced
NUEN405,Advanced
NUEN406,Advanced
NUEN410,Advanced
NUEN416,Advanced
NUEN417,Advanced
NUEN418,Advanced
NUEN428,Advanced
NUEN430,Advanced
NUEN431,Advanced
NUEN432,Advanced
NUEN437,Advanced
NUEN451,Advanced
NUEN460,Advanced
NUEN465,Advanced
NUEN467,Advanced
NUEN475,Advanced
NUEN479,Advanced
NUEN481,Advanced
NUEN484,Advanced
NUEN485,Advanced
NUEN489,Advanced
NUEN491,Advanced
NURS301,Advanced
NURS305,Advanced
NURS306,Advanced
NURS307,Advanced
NURS312,Advanced
NURS313,Advanced
NURS314,Advanced
NURS315,Advanced
NURS316,Advanced
NURS318,Advanced
NURS319,Advanced
NURS320,Advanced
NURS323,Advanced
NURS330,Advanced
NURS332,Advanced
NURS340,Advanced
NURS341,Advanced
NURS342,Advanced
NURS343,Advanced
NURS344,Advanced
NURS385,Advanced
NURS386,Advanced
NURS405,Advanced
NURS411,Advanced
NURS412,Advanced
NURS413,Advanced
NURS418,Advanced
NURS419,Advanced
NURS420,Advanced
NURS421,Advanced
NURS424,Advanced
NURS430,Advanced
NURS431,Advanced
NURS432,Advanced
NURS433,Advanced
NURS434,Advanced
NURS435,Advanced
NURS436,Advanced
NURS442,Advanced
NURS445,Advanced
NURS456,Advanced
NURS457,Advanced
NURS460,Advanced
NURS461,Advanced
NURS462,Advanced
NURS463,Advanced
NURS464,Advanced
NURS465,Advanced
NURS466,Advanced
NURS467,Advanced
NURS468,Advanced
NURS481,Advanced
NURS489,Advanced
NURS491,Advanced
NUTR202,Undergraduate
NUTR203,Undergraduate
NUTR204,Undergraduate
NUTR210,Undergraduate
NUTR211,Undergraduate
NUTR222,Undergraduate
NUTR285,Undergraduate
NUTR289,Undergraduate
NUTR291,Undergraduate
NUTR300,Advanced
NUTR301,Advanced
NUTR303,Advanced
NUTR304,Advanced
NUTR306,Advanced
NUTR307,Advanced
NUTR320,Advanced
NUTR365,Advanced
NUTR366,Advanced
NUTR367,Advanced
NUTR400,Advanced
NUTR403,Advanced
NUTR404,Advanced
NUTR406,Advanced
NUTR407,Advanced
NUTR408,Advanced
NUTR409,Advanced
NUTR410,Advanced
NUTR412,Advanced
NUTR430,Advanced
NUTR440,Advanced
NUTR450,Advanced
NUTR454,Advanced
NUTR469,Advanced
NUTR471,Advanced
NUTR475,Advanced
NUTR481,Advanced
NUTR483,Advanced
NUTR485,Advanced
NUTR489,Advanced
NUTR491,Advanced
NVSC101,Undergraduate
NVSC200,Undergraduate
NVSC205,Undergraduate
NVSC210,Undergraduate
NVSC301,Advanced
NVSC303,Advanced
NVSC320,Advanced
NVSC401,Advanced
NVSC402,Advanced
NVSC404,Advanced
NVSC410,Advanced
NVSC485,Advanced
OCEN201,Undergraduate
OCEN213,Undergraduate
OCEN214,Undergraduate
OCEN221,Undergraduate
OCEN265,Undergraduate
OCEN285,Undergraduate
OCEN300,Advanced
OCEN311,Advanced
OCEN336,Advanced
OCEN341,Advanced
OCEN344,Advanced
OCEN345,Advanced
OCEN351,Advanced
OCEN352,Advanced
OCEN361,Advanced
OCEN362,Advanced
OCEN363,Advanced
OCEN399,Advanced
OCEN400,Advanced
OCEN401,Advanced
OCEN402,Advanced
OCEN403,Advanced
OCEN405,Advanced
OCEN406,Advanced
OCEN407,Advanced
OCEN408,Advanced
OCEN410,Advanced
OCEN411,Advanced
OCEN415,Advanced
OCEN421,Advanced
OCEN451,Advanced
OCEN459,Advanced
OCEN460,Advanced
OCEN461,Advanced
OCEN463,Advanced
OCEN465,Advanced
OCEN467,Advanced
OCEN474,Advanced
OCEN481,Advanced
OCEN485,Advanced
OCEN489,Advanced
OCEN491,Advanced
OCNG101,Undergraduate
OCNG203,Undergraduate
OCNG251,Undergraduate
OCNG252,Undergraduate
OCNG281,Undergraduate
OCNG289,Undergraduate
OCNG291,Undergraduate
OCNG303,Advanced
OCNG310,Advanced
OCNG320,Advanced
OCNG330,Advanced
OCNG340,Advanced
OCNG350,Advanced
OCNG355,Advanced
OCNG404,Advanced
OCNG411,Advanced
OCNG412,Advanced
OCNG413,Advanced
OCNG425,Advanced
OCNG443,Advanced
OCNG451,Advanced
OCNG453,Advanced
OCNG456,Advanced
OCNG461,Advanced
OCNG469,Advanced
OCNG470,Advanced
OCNG481,Advanced
OCNG484,Advanced
OCNG485,Advanced
OCNG489,Advanced
OCNG491,Advanced
PBSI105,Undergraduate
PBSI107,Undergraduate
PBSI206,Undergraduate
PBSI208,Undergraduate
PBSI209,Undergraduate
PBSI210,Undergraduate
PBSI225,Undergraduate
PBSI235,Undergraduate
PBSI245,Undergraduate
PBSI251,Undergraduate
PBSI285,Undergraduate
PBSI289,Undergraduate
PBSI291,Undergraduate
PBSI300,Advanced
PBSI301,Advanced
PBSI302,Advanced
PBSI303,Advanced
PBSI304,Advanced
PBSI305,Advanced
PBSI306,Advanced
PBSI307,Advanced
PBSI310,Advanced
PBSI311,Advanced
PBSI315,Advanced
PBSI316,Advanced
PBSI319,Advanced
PBSI320,Advanced
PBSI323,Advanced
PBSI330,Advanced
PBSI332,Advanced
PBSI333,Advanced
PBSI336,Advanced
PBSI340,Advanced
PBSI345,Advanced
PBSI346,Advanced
PBSI350,Advanced
PBSI352,Advanced
PBSI353,Advanced
PBSI354,Advanced
PBSI360,Advanced
PBSI365,Advanced
PBSI371,Advanced
PBSI375,Advanced
PBSI389,Advanced
PBSI407,Advanced
PBSI408,Advanced
PBSI411,Advanced
PBSI414,Advanced
PBSI421,Advanced
PBSI425,Advanced
PBSI432,Advanced
PBSI440,Advanced
PBSI445,Advanced
PBSI450,Advanced
PBSI470,Advanced
PBSI471,Advanced
PBSI475,Advanced
PBSI483,Advanced
PBSI484,Advanced
PBSI485,Advanced
PBSI489,Advanced
PBSI491,Advanced
PBSI603,Graduate
PBSI606,Graduate
PBSI607,Graduate
PBSI608,Graduate
PBSI609,Graduate
PBSI610,Graduate
PBSI611,Graduate
PBSI613,Graduate
PBSI614,Graduate
PBSI615,Graduate
PBSI616,Graduate
PBSI619,Graduate
PBSI620,Graduate
PBSI621,Graduate
PBSI622,Graduate
PBSI623,Graduate
PBSI624,Graduate
PBSI626,Graduate
PBSI627,Graduate
PBSI629,Graduate
PBSI630,Graduate
PBSI631,Graduate
PBSI632,Graduate
PBSI633,Graduate
PBSI635,Graduate
PBSI636,Graduate
PBSI637,Graduate
PBSI638,Graduate
PBSI639,Graduate
PBSI642,Graduate
PBSI648,Graduate
PBSI649,Graduate
PBSI650,Graduate
PBSI651,Graduate
PBSI652,Graduate
PBSI653,Graduate
PBSI654,Graduate
PBSI655,Graduate
PBSI656,Graduate
PBSI657,Graduate
PBSI658,Graduate
PBSI659,Graduate
PBSI660,Graduate
PBSI670,Graduate
PBSI671,Graduate
PBSI672,Graduate
PBSI673,Graduate
PBSI674,Graduate
PBSI675,Graduate
PBSI678,Graduate
PBSI680,Graduate
PBSI681,Graduate
PBSI682,Graduate
PBSI683,Graduate
PBSI684,Graduate
PBSI685,Graduate
PBSI689,Graduate
PBSI690,Graduate
PBSI691,Graduate
PBSI695,Graduate
PBSI696,Graduate
PBSI697,Graduate
PERF101,Undergraduate
PERF156,Undergraduate
PERF223,Undergraduate
PERF284,Undergraduate
PERF285,Undergraduate
PERF289,Undergraduate
PERF291,Undergraduate
PERF292,Undergraduate
PERF301,Advanced
PERF303,Advanced
PERF308,Advanced
PERF310,Advanced
PERF311,Advanced
PERF312,Advanced
PERF320,Advanced
PERF321,Advanced
PERF322,Advanced
PERF325,Advanced
PERF326,Advanced
PERF328,Advanced
PERF330,Advanced
PERF333,Advanced
PERF338,Advanced
PERF343,Advanced
PERF399,Advanced
PERF407,Advanced
PERF430,Advanced
PERF446,Advanced
PERF450,Advanced
PERF451,Advanced
PERF452,Advanced
PERF453,Advanced
PERF454,Advanced
PERF455,Advanced
PERF456,Advanced
PERF457,Advanced
PERF460,Advanced
PERF461,Advanced
PERF481,Advanced
PERF483,Advanced
PERF484,Advanced
PERF485,Advanced
PERF489,Advanced
PERF491,Advanced
PERF492,Advanced
PETE201,Undergraduate
PETE219,Undergraduate
PETE225,Undergraduate
PETE285,Undergraduate
PETE289,Undergraduate
PETE291,Undergraduate
PETE300,Advanced
PETE301,Advanced
PETE310,Advanced
PETE311,Advanced
PETE314,Advanced
PETE315,Advanced
PETE321,Advanced
PETE323,Advanced
PETE324,Advanced
PETE325,Advanced
PETE335,Advanced
PETE336,Advanced
PETE337,Advanced
PETE353,Advanced
PETE355,Advanced
PETE401,Advanced
PETE402,Advanced
PETE404,Advanced
PETE406,Advanced
PETE408,Advanced
PETE409,Advanced
PETE410,Advanced
PETE412,Advanced
PETE413,Advanced
PETE416,Advanced
PETE418,Advanced
PETE419,Advanced
PETE426,Advanced
PETE435,Advanced
PETE436,Advanced
PETE437,Advanced
PETE453,Advanced
PETE485,Advanced
PETE489,Advanced
PETE491,Advanced
PHIL107,Undergraduate
PHIL111,Undergraduate
PHIL202,Undergraduate
PHIL205,Undergraduate
PHIL208,Undergraduate
PHIL240,Undergraduate
PHIL251,Undergraduate
PHIL252,Undergraduate
PHIL282,Undergraduate
PHIL283,Undergraduate
PHIL285,Undergraduate
PHIL289,Undergraduate
PHIL291,Undergraduate
PHIL305,Advanced
PHIL307,Advanced
PHIL314,Advanced
PHIL315,Advanced
PHIL317,Advanced
PHIL320,Advanced
PHIL330,Advanced
PHIL331,Advanced
PHIL332,Advanced
PHIL334,Advanced
PHIL336,Advanced
PHIL341,Advanced
PHIL342,Advanced
PHIL351,Advanced
PHIL352,Advanced
PHIL353,Advanced
PHIL361,Advanced
PHIL371,Advanced
PHIL376,Advanced
PHIL381,Advanced
PHIL383,Advanced
PHIL409,Advanced
PHIL410,Advanced
PHIL411,Advanced
PHIL412,Advanced
PHIL413,Advanced
PHIL414,Advanced
PHIL415,Advanced
PHIL416,Advanced
PHIL417,Advanced
PHIL418,Advanced
PHIL419,Advanced
PHIL424,Advanced
PHIL425,Advanced
PHIL451,Advanced
PHIL452,Advanced
PHIL464,Advanced
PHIL465,Advanced
PHIL470,Advanced
PHIL480,Advanced
PHIL482,Advanced
PHIL484,Advanced
PHIL485,Advanced
PHIL489,Advanced
PHIL491,Advanced
PHIL497,Advanced
PHLT265,Undergraduate
PHLT266,Undergraduate
PHLT270,Undergraduate
PHLT289,Undergraduate
PHLT301,Advanced
PHLT302,Advanced
PHLT303,Advanced
PHLT304,Advanced
PHLT305,Advanced
PHLT306,Advanced
PHLT307,Advanced
PHLT308,Advanced
PHLT309,Advanced
PHLT310,Advanced
PHLT311,Advanced
PHLT313,Advanced
PHLT314,Advanced
PHLT315,Advanced
PHLT316,Advanced
PHLT322,Advanced
PHLT330,Advanced
PHLT331,Advanced
PHLT332,Advanced
PHLT333,Advanced
PHLT334,Advanced
PHLT335,Advanced
PHLT336,Advanced
PHLT342,Advanced
PHLT353,Advanced
PHLT354,Advanced
PHLT360,Advanced
PHLT363,Advanced
PHLT370,Advanced
PHLT403,Advanced
PHLT405,Advanced
PHLT410,Advanced
PHLT411,Advanced
PHLT412,Advanced
PHLT413,Advanced
PHLT414,Advanced
PHLT415,Advanced
PHLT416,Advanced
PHLT420,Advanced
PHLT425,Advanced
PHLT426,Advanced
PHLT432,Advanced
PHLT433,Advanced
PHLT434,Advanced
PHLT436,Advanced
PHLT440,Advanced
PHLT441,Advanced
PHLT445,Advanced
PHLT470,Advanced
PHLT481,Advanced
PHLT484,Advanced
PHLT485,Advanced
PHLT489,Advanced
PHLT491,Advanced
PHYS101,Undergraduate
PHYS102,Undergraduate
PHYS104,Undergraduate
PHYS109,Undergraduate
PHYS119,Undergraduate
PHYS123,Undergraduate
PHYS125,Undergraduate
PHYS148,Undergraduate
PHYS150,Undergraduate
PHYS201,Undergraduate
PHYS202,Undergraduate
PHYS205,Undergraduate
PHYS206,Undergraduate
PHYS207,Undergraduate
PHYS216,Undergraduate
PHYS217,Undergraduate
PHYS221,Undergraduate
PHYS222,Undergraduate
PHYS225,Undergraduate
PHYS226,Undergraduate
PHYS227,Undergraduate
PHYS285,Undergraduate
PHYS289,Undergraduate
PHYS291,Undergraduate
PHYS302,Advanced
PHYS303,Advanced
PHYS304,Advanced
PHYS305,Advanced
PHYS309,Advanced
PHYS327,Advanced
PHYS328,Advanced
PHYS331,Advanced
PHYS332,Advanced
PHYS401,Advanced
PHYS408,Advanced
PHYS412,Advanced
PHYS414,Advanced
PHYS415,Advanced
PHYS416,Advanced
PHYS418,Advanced
PHYS419,Advanced
PHYS425,Advanced
PHYS426,Advanced
PHYS485,Advanced
PHYS489,Advanced
PHYS491,Advanced
PLPA291,Undergraduate
PLPA301,Advanced
PLPA303,Advanced
PLPA334,Advanced
PLPA485,Advanced
PLPA489,Advanced
PLPA491,Advanced
POLS200,Undergraduate
POLS203,Undergraduate
POLS206,Undergraduate
POLS207,Undergraduate
POLS209,Undergraduate
POLS229,Undergraduate
POLS231,Undergraduate
POLS232,Undergraduate
POLS233,Undergraduate
POLS285,Undergraduate
POLS289,Undergraduate
POLS291,Undergraduate
POLS302,Advanced
POLS304,Advanced
POLS306,Advanced
POLS308,Advanced
POLS309,Advanced
POLS312,Advanced
POLS313,Advanced
POLS314,Advanced
POLS315,Advanced
POLS316,Advanced
POLS317,Advanced
POLS318,Advanced
POLS319,Advanced
POLS320,Advanced
POLS322,Advanced
POLS323,Advanced
POLS324,Advanced
POLS325,Advanced
POLS326,Advanced
POLS327,Advanced
POLS328,Advanced
POLS333,Advanced
POLS335,Advanced
POLS338,Advanced
POLS340,Advanced
POLS342,Advanced
POLS347,Advanced
POLS349,Advanced
POLS350,Advanced
POLS352,Advanced
POLS353,Advanced
POLS355,Advanced
POLS357,Advanced
POLS358,Advanced
POLS359,Advanced
POLS362,Advanced
POLS364,Advanced
POLS365,Advanced
POLS366,Advanced
POLS367,Advanced
POLS368,Advanced
POLS369,Advanced
POLS375,Advanced
POLS412,Advanced
POLS413,Advanced
POLS415,Advanced
POLS420,Advanced
POLS423,Advanced
POLS424,Advanced
POLS429,Advanced
POLS432,Advanced
POLS435,Advanced
POLS439,Advanced
POLS447,Advanced
POLS454,Advanced
POLS455,Advanced
POLS461,Advanced
POLS462,Advanced
POLS475,Advanced
POLS481,Advanced
POLS484,Advanced
POLS485,Advanced
POLS489,Advanced
POLS491,Advanced
POLS497,Advanced
PORT101,Undergraduate
PORT102,Undergraduate
PORT201,Undergraduate
PORT202,Undergraduate
POSC201,Undergraduate
POSC285,Undergraduate
POSC289,Undergraduate
POSC291,Undergraduate
POSC302,Advanced
POSC304,Advanced
POSC308,Advanced
POSC309,Advanced
POSC313,Advanced
POSC319,Advanced
POSC326,Advanced
POSC333,Advanced
POSC381,Advanced
POSC405,Advanced
POSC406,Advanced
POSC411,Advanced
POSC412,Advanced
POSC414,Advanced
POSC427,Advanced
POSC429,Advanced
POSC444,Advanced
POSC454,Advanced
POSC481,Advanced
POSC484,Advanced
POSC485,Advanced
POSC489,Advanced
POSC491,Advanced
PVFA101,Undergraduate
PVFA111,Undergraduate
PVFA201,Undergraduate
PVFA240,Undergraduate
PVFA289,Undergraduate
PVFA291,Undergraduate
PVFA300,Advanced
PVFA301,Advanced
PVFA310,Advanced
PVFA409,Advanced
PVFA483,Advanced
PVFA485,Advanced
PVFA489,Advanced
PVFA491,Advanced
RDNG291,Undergraduate
RDNG351,Advanced
RDNG371,Advanced
RDNG372,Advanced
RDNG373,Advanced
RDNG460,Advanced
RDNG465,Advanced
RDNG467,Advanced
RDNG468,Advanced
RDNG470,Advanced
RDNG472,Advanced
RDNG473,Advanced
RDNG490,Advanced
RDNG491,Advanced
RELS200,Undergraduate
RELS201,Undergraduate
RELS202,Undergraduate
RELS209,Undergraduate
RELS212,Undergraduate
RELS220,Undergraduate
RELS221,Undergraduate
RELS222,Undergraduate
RELS251,Undergraduate
RELS257,Undergraduate
RELS285,Undergraduate
RELS289,Undergraduate
RELS291,Undergraduate
RELS304,Advanced
RELS312,Advanced
RELS317,Advanced
RELS321,Advanced
RELS326,Advanced
RELS331,Advanced
RELS340,Advanced
RELS347,Advanced
RELS350,Advanced
RELS356,Advanced
RELS360,Advanced
RELS365,Advanced
RELS366,Advanced
RELS367,Advanced
RELS390,Advanced
RELS392,Advanced
RELS403,Advanced
RELS418,Advanced
RELS419,Advanced
RELS420,Advanced
RELS425,Advanced
RELS430,Advanced
RELS436,Advanced
RELS438,Advanced
RELS464,Advanced
RELS465,Advanced
RELS471,Advanced
RELS474,Advanced
RELS480,Advanced
RELS481,Advanced
RELS484,Advanced
RELS485,Advanced
RELS489,Advanced
RELS491,Advanced
RPTS209,Undergraduate
RPTS304,Advanced
RPTS321,Advanced
RPTS324,Advanced
RPTS403,Advanced
RPTS404,Advanced
RPTS460,Advanced
RUSS101,Undergraduate
RUSS102,Undergraduate
RUSS201,Undergraduate
RUSS202,Undergraduate
RUSS211,Undergraduate
RUSS221,Undergraduate
RUSS222,Undergraduate
RUSS245,Undergraduate
RUSS285,Undergraduate
RUSS289,Undergraduate
RUSS301,Advanced
RUSS302,Advanced
RUSS322,Advanced
RUSS410,Advanced
RUSS441,Advanced
RUSS442,Advanced
RUSS443,Advanced
RUSS444,Advanced
RUSS446,Advanced
RUSS447,Advanced
RUSS485,Advanced
RUSS489,Advanced
RUSS491,Advanced
RWFM101,Undergraduate
RWFM103,Undergraduate
RWFM202,Undergraduate
RWFM291,Undergraduate
RWFM301,Advanced
RWFM302,Advanced
RWFM305,Advanced
RWFM306,Advanced
RWFM308,Advanced
RWFM309,Advanced
RWFM313,Advanced
RWFM314,Advanced
RWFM316,Advanced
RWFM317,Advanced
RWFM321,Advanced
RWFM322,Advanced
RWFM323,Advanced
RWFM325,Advanced
RWFM330,Advanced
RWFM333,Advanced
RWFM336,Advanced
RWFM344,Advanced
RWFM345,Advanced
RWFM346,Advanced
RWFM349,Advanced
RWFM350,Advanced
RWFM351,Advanced
RWFM354,Advanced
RWFM370,Advanced
RWFM371,Advanced
RWFM375,Advanced
RWFM400,Advanced
RWFM401,Advanced
RWFM402,Advanced
RWFM404,Advanced
RWFM405,Advanced
RWFM406,Advanced
RWFM408,Advanced
RWFM409,Advanced
RWFM410,Advanced
RWFM411,Advanced
RWFM415,Advanced
RWFM419,Advanced
RWFM420,Advanced
RWFM421,Advanced
RWFM422,Advanced
RWFM424,Advanced
RWFM425,Advanced
RWFM436,Advanced
RWFM440,Advanced
RWFM443,Advanced
RWFM444,Advanced
RWFM445,Advanced
RWFM446,Advanced
RWFM447,Advanced
RWFM461,Advanced
RWFM465,Advanced
RWFM470,Advanced
RWFM480,Advanced
RWFM481,Advanced
RWFM484,Advanced
RWFM485,Advanced
RWFM489,Advanced
RWFM491,Advanced
SCMT281,Undergraduate
SCMT300,Advanced
SCMT305,Advanced
SCMT309,Advanced
SCMT334,Advanced
SCMT335,Advanced
SCMT336,Advanced
SCMT340,Advanced
SCMT345,Advanced
SCMT361,Advanced
SCMT364,Advanced
SCMT375,Advanced
SCMT380,Advanced
SCMT390,Advanced
SCMT455,Advanced
SCMT465,Advanced
SCMT468,Advanced
SCMT469,Advanced
SCMT481,Advanced
SCMT484,Advanced
SCMT485,Advanced
SCMT489,Advanced
SCSC105,Undergraduate
SCSC201,Undergraduate
SCSC205,Undergraduate
SCSC289,Undergraduate
SCSC291,Undergraduate
SCSC301,Advanced
SCSC302,Advanced
SCSC304,Advanced
SCSC305,Advanced
SCSC307,Advanced
SCSC309,Advanced
SCSC310,Advanced
SCSC311,Advanced
SCSC312,Advanced
SCSC315,Advanced
SCSC317,Advanced
SCSC330,Advanced
SCSC401,Advanced
SCSC402,Advanced
SCSC405,Advanced
SCSC406,Advanced
SCSC410,Advanced
SCSC411,Advanced
SCSC420,Advanced
SCSC421,Advanced
SCSC422,Advanced
SCSC424,Advanced
SCSC427,Advanced
SCSC428,Advanced
SCSC429,Advanced
SCSC430,Advanced
SCSC432,Advanced
SCSC436,Advanced
SCSC441,Advanced
SCSC444,Advanced
SCSC446,Advanced
SCSC449,Advanced
SCSC453,Advanced
SCSC455,Advanced
SCSC458,Advanced
SCSC481,Advanced
SCSC484,Advanced
SCSC485,Advanced
SCSC489,Advanced
SCSC491,Advanced
SEFB315,Advanced
SEFB325,Advanced
SEFB410,Advanced
SEFB420,Advanced
SEFB425,Advanced
SEFB430,Advanced
SENG310,Advanced
SENG312,Advanced
SENG321,Advanced
SENG422,Advanced
SENG430,Advanced
SENG440,Advanced
SENG441,Advanced
SENG442,Advanced
SENG455,Advanced
SENG460,Advanced
SENG485,Advanced
SENG489,Advanced
SOCI203,Undergraduate
SOCI205,Undergraduate
SOCI206,Undergraduate
SOCI207,Undergraduate
SOCI210,Undergraduate
SOCI211,Undergraduate
SOCI212,Undergraduate
SOCI213,Undergraduate
SOCI214,Undergraduate
SOCI215,Undergraduate
SOCI217,Undergraduate
SOCI220,Undergraduate
SOCI229,Undergraduate
SOCI230,Undergraduate
SOCI240,Undergraduate
SOCI285,Undergraduate
SOCI289,Undergraduate
SOCI291,Undergraduate
SOCI304,Advanced
SOCI311,Advanced
SOCI312,Advanced
SOCI315,Advanced
SOCI316,Advanced
SOCI317,Advanced
SOCI319,Advanced
SOCI320,Advanced
SOCI323,Advanced
SOCI326,Advanced
SOCI328,Advanced
SOCI330,Advanced
SOCI335,Advanced
SOCI337,Advanced
SOCI338,Advanced
SOCI376,Advanced
SOCI377,Advanced
SOCI403,Advanced
SOCI404,Advanced
SOCI408,Advanced
SOCI410,Advanced
SOCI411,Advanced
SOCI412,Advanced
SOCI413,Advanced
SOCI415,Advanced
SOCI419,Advanced
SOCI420,Advanced
SOCI421,Advanced
SOCI422,Advanced
SOCI425,Advanced
SOCI430,Advanced
SOCI432,Advanced
SOCI445,Advanced
SOCI446,Advanced
SOCI450,Advanced
SOCI455,Advanced
SOCI463,Advanced
SOCI476,Advanced
SOCI478,Advanced
SOCI479,Advanced
SOCI484,Advanced
SOCI485,Advanced
SOCI489,Advanced
SOCI491,Advanced
SOMS111,Undergraduate
SOMS180,Undergraduate
SOMS181,Undergraduate
SOMS280,Undergraduate
SOMS281,Undergraduate
SOMS289,Undergraduate
SOMS380,Advanced
SOMS381,Advanced
SOMS481,Advanced
SOMS482,Advanced
SOMS485,Advanced
SOMS486,Advanced
SOMS487,Advanced
SOMS489,Advanced
SPAN101,Undergraduate
SPAN102,Undergraduate
SPAN112,Undergraduate
SPAN201,Undergraduate
SPAN202,Undergraduate
SPAN203,Undergraduate
SPAN208,Undergraduate
SPAN218,Undergraduate
SPAN221,Undergraduate
SPAN222,Undergraduate
SPAN285,Undergraduate
SPAN289,Undergraduate
SPAN301,Advanced
SPAN302,Advanced
SPAN303,Advanced
SPAN304,Advanced
SPAN305,Advanced
SPAN306,Advanced
SPAN307,Advanced
SPAN311,Advanced
SPAN312,Advanced
SPAN318,Advanced
SPAN319,Advanced
SPAN320,Advanced
SPAN331,Advanced
SPAN332,Advanced
SPAN341,Advanced
SPAN342,Advanced
SPAN350,Advanced
SPAN352,Advanced
SPAN403,Advanced
SPAN407,Advanced
SPAN410,Advanced
SPAN411,Advanced
SPAN412,Advanced
SPAN413,Advanced
SPAN414,Advanced
SPAN417,Advanced
SPAN421,Advanced
SPAN423,Advanced
SPAN445,Advanced
SPAN450,Advanced
SPAN452,Advanced
SPAN460,Advanced
SPAN461,Advanced
SPAN462,Advanced
SPAN483,Advanced
SPAN484,Advanced
SPAN485,Advanced
SPAN489,Advanced
SPAN491,Advanced
SPED291,Undergraduate
SPED302,Advanced
SPED303,Advanced
SPED310,Advanced
SPED312,Advanced
SPED314,Advanced
SPED316,Advanced
SPED321,Advanced
SPED325,Advanced
SPED326,Advanced
SPED410,Advanced
SPED411,Advanced
SPED412,Advanced
SPED414,Advanced
SPED418,Advanced
SPED442,Advanced
SPED491,Advanced
SPEN201,Undergraduate
SPEN223,Undergraduate
SPEN324,Advanced
SPEN354,Advanced
SPEN401,Advanced
SPEN402,Advanced
SPEN437,Advanced
SPEN439,Advanced
SPEN441,Advanced
SPEN489,Advanced
SPMT217,Undergraduate
SPMT220,Undergraduate
SPMT225,Undergraduate
SPMT230,Undergraduate
SPMT260,Undergraduate
SPMT262,Undergraduate
SPMT265,Undergraduate
SPMT270,Undergraduate
SPMT272,Undergraduate
SPMT285,Undergraduate
SPMT289,Undergraduate
SPMT291,Undergraduate
SPMT295,Undergraduate
SPMT304,Advanced
SPMT316,Advanced
SPMT319,Advanced
SPMT321,Advanced
SPMT330,Advanced
SPMT333,Advanced
SPMT336,Advanced
SPMT337,Advanced
SPMT340,Advanced
SPMT360,Advanced
SPMT362,Advanced
SPMT364,Advanced
SPMT366,Advanced
SPMT370,Advanced
SPMT372,Advanced
SPMT374,Advanced
SPMT401,Advanced
SPMT402,Advanced
SPMT412,Advanced
SPMT420,Advanced
SPMT421,Advanced
SPMT422,Advanced
SPMT423,Advanced
SPMT450,Advanced
SPMT455,Advanced
SPMT460,Advanced
SPMT462,Advanced
SPMT470,Advanced
SPMT472,Advanced
SPMT481,Advanced
SPMT482,Advanced
SPMT483,Advanced
SPMT484,Advanced
SPMT485,Advanced
SPMT489,Advanced
SPMT491,Advanced
STAT182,Undergraduate
STAT201,Undergraduate
STAT205,Undergraduate
STAT211,Undergraduate
STAT212,Undergraduate
STAT301,Advanced
STAT302,Advanced
STAT303,Advanced
STAT307,Advanced
STAT312,Advanced
STAT315,Advanced
STAT335,Advanced
STAT404,Advanced
STAT406,Advanced
STAT407,Advanced
STAT408,Advanced
STAT414,Advanced
STAT415,Advanced
STAT421,Advanced
STAT424,Advanced
STAT426,Advanced
STAT436,Advanced
STAT438,Advanced
STAT445,Advanced
STAT446,Advanced
STAT447,Advanced
STAT459,Advanced
STAT482,Advanced
STAT483,Advanced
STAT484,Advanced
STAT485,Advanced
STAT486,Advanced
STAT489,Advanced
STAT491,Advanced
TCMG476,Advanced
TCMG484,Advanced
TCMG485,Advanced
TCMG489,Advanced
TCMG491,Advanced
TEED425,Advanced
TEFB273,Undergraduate
TEFB322,Advanced
TEFB324,Advanced
TEFB371,Advanced
TEFB401,Advanced
TEFB404,Advanced
TEFB406,Advanced
TEFB407,Advanced
TEFB410,Advanced
TEFB412,Advanced
TEFB413,Advanced
TEFB426,Advanced
TEFB429,Advanced
THEA103,Undergraduate
THEA110,Undergraduate
THEA112,Undergraduate
THEA200,Undergraduate
THEA210,Undergraduate
THEA220,Undergraduate
THEA245,Undergraduate
THEA250,Undergraduate
THEA255,Undergraduate
THEA281,Undergraduate
THEA289,Undergraduate
THEA300,Advanced
THEA304,Advanced
THEA307,Advanced
THEA310,Advanced
THEA320,Advanced
THEA342,Advanced
THEA345,Advanced
THEA355,Advanced
THEA360,Advanced
THEA370,Advanced
THEA379,Advanced
THEA386,Advanced
THEA390,Advanced
THEA392,Advanced
THEA401,Advanced
THEA410,Advanced
THEA435,Advanced
THEA441,Advanced
THEA482,Advanced
THEA489,Advanced
UGST181,Undergraduate
UGST182,Undergraduate
UGST285,Undergraduate
UGST311,Advanced
UGST405,Advanced
UGST484,Advanced
UGST485,Advanced
UGST491,Advanced
UGST492,Advanced
UGST497,Advanced
URPN201,Undergraduate
URPN202,Undergraduate
URPN203,Undergraduate
URPN204,Undergraduate
URPN210,Undergraduate
URPN220,Undergraduate
URPN240,Undergraduate
URPN291,Undergraduate
URPN302,Advanced
URPN310,Advanced
URPN320,Advanced
URPN325,Advanced
URPN326,Advanced
URPN330,Advanced
URPN331,Advanced
URPN340,Advanced
URPN360,Advanced
URPN361,Advanced
URPN369,Advanced
URPN370,Advanced
URPN371,Advanced
URPN372,Advanced
URPN401,Advanced
URPN409,Advanced
URPN420,Advanced
URPN440,Advanced
URPN450,Advanced
URPN451,Advanced
URPN460,Advanced
URPN467,Advanced
URPN469,Advanced
URPN470,Advanced
URPN471,Advanced
URPN481,Advanced
URPN483,Advanced
URPN484,Advanced
URPN485,Advanced
URPN489,Advanced
URPN491,Advanced
URPN493,Advanced
URPN494,Advanced
VIBS102,Undergraduate
VIBS111,Undergraduate
VIBS201,Undergraduate
VIBS204,Undergraduate
VIBS210,Undergraduate
VIBS211,Undergraduate
VIBS222,Undergraduate
VIBS243,Undergraduate
VIBS277,Undergraduate
VIBS285,Undergraduate
VIBS289,Undergraduate
VIBS305,Advanced
VIBS310,Advanced
VIBS311,Advanced
VIBS343,Advanced
VIBS401,Advanced
VIBS402,Advanced
VIBS407,Advanced
VIBS408,Advanced
VIBS411,Advanced
VIBS413,Advanced
VIBS420,Advanced
VIBS422,Advanced
VIBS424,Advanced
VIBS426,Advanced
VIBS443,Advanced
VIBS445,Advanced
VIBS446,Advanced
VIBS447,Advanced
VIBS450,Advanced
VIBS456,Advanced
VIBS485,Advanced
VIBS489,Advanced
VIBS491,Advanced
VIST101,Undergraduate
VIST105,Undergraduate
VIST106,Undergraduate
VIST110,Undergraduate
VIST131,Undergraduate
VIST170,Undergraduate
VIST172,Undergraduate
VIST173,Undergraduate
VIST201,Undergraduate
VIST205,Undergraduate
VIST206,Undergraduate
VIST210,Undergraduate
VIST215,Undergraduate
VIST216,Undergraduate
VIST225,Undergraduate
VIST235,Undergraduate
VIST270,Undergraduate
VIST272,Undergraduate
VIST275,Undergraduate
VIST282,Undergraduate
VIST283,Undergraduate
VIST284,Undergraduate
VIST289,Undergraduate
VIST301,Advanced
VIST305,Advanced
VIST310,Advanced
VIST311,Advanced
VIST325,Advanced
VIST327,Advanced
VIST331,Advanced
VIST333,Advanced
VIST339,Advanced
VIST354,Advanced
VIST357,Advanced
VIST370,Advanced
VIST371,Advanced
VIST372,Advanced
VIST374,Advanced
VIST375,Advanced
VIST386,Advanced
VIST401,Advanced
VIST405,Advanced
VIST406,Advanced
VIST408,Advanced
VIST409,Advanced
VIST415,Advanced
VIST419,Advanced
VIST420,Advanced
VIST425,Advanced
VIST428,Advanced
VIST429,Advanced
VIST432,Advanced
VIST439,Advanced
VIST441,Advanced
VIST442,Advanced
VIST443,Advanced
VIST465,Advanced
VIST470,Advanced
VIST472,Advanced
VIST474,Advanced
VIST475,Advanced
VIST476,Advanced
VIST477,Advanced
VIST480,Advanced
VIST484,Advanced
VIST485,Advanced
VIST487,Advanced
VIST489,Advanced
VIST491,Advanced
VIST494,Advanced
VLCS422,Advanced
VLCS485,Advanced
VLCS491,Advanced
VSCS485,Advanced
VSCS491,Advanced
VTPB212,Undergraduate
VTPB221,Undergraduate
VTPB285,Undergraduate
VTPB289,Undergraduate
VTPB301,Advanced
VTPB303,Advanced
VTPB334,Advanced
VTPB405,Advanced
VTPB407,Advanced
VTPB408,Advanced
VTPB409,Advanced
VTPB410,Advanced
VTPB411,Advanced
VTPB415,Advanced
VTPB421,Advanced
VTPB425,Advanced
VTPB426,Advanced
VTPB438,Advanced
VTPB460,Advanced
VTPB485,Advanced
VTPB487,Advanced
VTPB489,Advanced
VTPB491,Advanced
VTPP123,Undergraduate
VTPP207,Undergraduate
VTPP208,Undergraduate
VTPP223,Undergraduate
VTPP224,Undergraduate
VTPP234,Undergraduate
VTPP235,Undergraduate
VTPP281,Undergraduate
VTPP285,Undergraduate
VTPP289,Undergraduate
VTPP291,Undergraduate
VTPP323,Advanced
VTPP330,Advanced
VTPP401,Advanced
VTPP404,Advanced
VTPP405,Advanced
VTPP420,Advanced
VTPP423,Advanced
VTPP424,Advanced
VTPP425,Advanced
VTPP427,Advanced
VTPP434,Advanced
VTPP435,Advanced
VTPP438,Advanced
VTPP444,Advanced
VTPP452,Advanced
VTPP481,Advanced
VTPP485,Advanced
VTPP489,Advanced
VTPP491,Advanced
WFSC425,Advanced
WGST200,Undergraduate
WGST205,Undergraduate
WGST207,Undergraduate
WGST210,Undergraduate
WGST213,Undergraduate
WGST220,Undergraduate
WGST285,Undergraduate
WGST289,Undergraduate
WGST291,Undergraduate
WGST300,Advanced
WGST303,Advanced
WGST315,Advanced
WGST316,Advanced
WGST318,Advanced
WGST320,Advanced
WGST330,Advanced
WGST333,Advanced
WGST334,Advanced
WGST342,Advanced
WGST343,Advanced
WGST367,Advanced
WGST369,Advanced
WGST374,Advanced
WGST377,Advanced
WGST394,Advanced
WGST401,Advanced
WGST403,Advanced
WGST404,Advanced
WGST407,Advanced
WGST410,Advanced
WGST411,Advanced
WGST413,Advanced
WGST420,Advanced
WGST421,Advanced
WGST428,Advanced
WGST430,Advanced
WGST445,Advanced
WGST461,Advanced
WGST462,Advanced
WGST463,Advanced
WGST470,Advanced
WGST473,Advanced
WGST474,Advanced
WGST476,Advanced
WGST477,Advanced
WGST481,Advanced
WGST484,Advanced
WGST485,Advanced
WGST489,Advanced
WGST491,Advanced
ZOOL289,Undergraduate
ZOOL291,Undergraduate
ZOOL489,Advanced
ZOOL491,Advanced
