id,code,name,description,avg_gpa,rating
aalo,AALO,AALO - Arabic & Asian Language,Arabic & Asian Language,3.0,3.0
acct,ACCT,ACCT - Accounting,Accounting,3.27,3.7
aero,AERO,AERO - Aerospace Engineering,Aerospace Engineering,3.22,3.4
aers,AERS,AERS - Aerospace Studies,Aerospace Studies,3.97,4.7
afst,AFST,AFST - Africana Studies,Africana Studies,3.6,4.0
agcj,AGCJ,AGCJ - Ag Comm & Journalism,Ag Comm & Journalism,3.64,3.7
agec,AGEC,AGEC - Agricultural Economics,Agricultural Economics,3.33,3.4
agls,AGLS,AGLS - Ag & Life Sciences,Ag & Life Sciences,3.54,4.5
agsc,AGSC,AGSC - Agricultural Science,Agricultural Science,3.66,4.3
agsm,AGSM,AGSM - Agricultrl Systems Mgmt,Agricultrl Systems Mgmt,3.33,4.0
alec,ALEC,"ALEC - Ag Leadrshp, Ed & Comm","Ag Leadrshp, Ed & Comm",3.6,3.0
aled,ALED,ALED - Ag Leadership & Dev,Ag Leadership & Dev,3.61,3.7
ansc,ANSC,ANSC - Animal Science,Animal Science,3.62,4.1
anth,ANTH,ANTH - Anthropology,Anthropology,3.41,3.8
arab,ARAB,ARAB - Arabic,Arabic,3.91,4.9
arch,ARCH,ARCH - Architecture,Architecture,3.6,3.9
aren,AREN,AREN - Architectural Engr,Architectural Engr,3.23,3.9
arsc,ARSC,ARSC - Arts & Sciences,Arts & Sciences,3.9,4.4
arts,ARTS,ARTS - Art,Art,3.0,3.4
ascc,ASCC,ASCC - Academic Success Center,Academic Success Center,3.0,4.5
asia,ASIA,ASIA - Asian Studies,Asian Studies,3.83,4.1
astr,ASTR,ASTR - Astronomy,Astronomy,3.49,3.6
atmo,ATMO,ATMO - Atmospheric Sciences,Atmospheric Sciences,3.27,4.1
attr,ATTR,ATTR - Athletic Training,Athletic Training,3.93,3.7
baen,BAEN,BAEN - Biological & Ag Engr,Biological & Ag Engr,3.34,3.4
befb,BEFB,BEFB - Bilingual Ed Field Based,Bilingual Ed Field Based,3.89,1.0
besc,BESC,BESC - Bioenvironmental Sci,Bioenvironmental Sci,3.28,3.7
bich,BICH,BICH - Biochemistry,Biochemistry,2.77,2.9
bims,BIMS,BIMS - Biomedical Science,Biomedical Science,3.65,3.9
biol,BIOL,BIOL - Biology,Biology,3.22,3.5
bmen,BMEN,BMEN - Biomedical Engineering,Biomedical Engineering,3.72,3.2
botn,BOTN,BOTN - Botany,Botany,3.0,3.0
bush,BUSH,BUSH - Geo Bush School of Gov,Geo Bush School of Gov,3.62,4.7
busn,BUSN,BUSN - Mays Business School,Mays Business School,3.75,3.7
carc,CARC,CARC - College of Architecture,College of Architecture,3.77,3.5
cehd,CEHD,CEHD - Coll of Ed & Human Dev,Coll of Ed & Human Dev,3.0,3.0
chem,CHEM,CHEM - Chemistry,Chemistry,3.06,3.5
chen,CHEN,CHEN - Chemical Engineering,Chemical Engineering,3.35,3.3
chin,CHIN,CHIN - Chinese,Chinese,3.62,4.1
clas,CLAS,CLAS - Classics,Classics,3.24,4.7
clen,CLEN,CLEN - College of Engineering,College of Engineering,3.0,4.0
comm,COMM,COMM - Communication,Communication,3.5,3.9
cosc,COSC,COSC - Construction Science,Construction Science,3.42,3.8
csce,CSCE,CSCE - Computer Sci & Engr,Computer Sci & Engr,3.52,3.3
culn,CULN,CULN - Culinology,Culinology,3.0,3.0
cven,CVEN,CVEN - Civil Engineering,Civil Engineering,3.22,3.5
cybr,CYBR,CYBR - Cybersecurity,Cybersecurity,3.96,4.6
daen,DAEN,DAEN - Data Engineering,Data Engineering,3.24,3.2
dasc,DASC,DASC - Dairy Science,Dairy Science,3.0,3.5
dced,DCED,DCED - Dance Education,Dance Education,3.0,4.2
ddhs,DDHS,DDHS - Dental Hygiene,Dental Hygiene,3.0,3.0
dive,DIVE,DIVE - Diving Tech and Methods,Diving Tech and Methods,3.0,3.0
eccb,ECCB,ECCB - Eco & Conservation Biol,Eco & Conservation Biol,3.23,3.6
ecde,ECDE,ECDE - Early Chldhd Devl & Educ,Early Chldhd Devl & Educ,3.0,3.0
ecen,ECEN,ECEN - Electrical & Comp Engr,Electrical & Comp Engr,3.19,3.5
ecfb,ECFB,ECFB - Early Chldhd Ed Fld Based,Early Chldhd Ed Fld Based,3.0,3.0
eche,ECHE,ECHE - Early Chldhd Ed Fld Based,Early Chldhd Ed Fld Based,3.0,3.0
ecmt,ECMT,ECMT - Econometrics,Econometrics,3.42,4.1
econ,ECON,ECON - Economics,Economics,3.06,3.3
edci,EDCI,EDCI - Educ Curriculum & Dev,Educ Curriculum & Dev,3.78,3.8
ehrd,EHRD,EHRD - Ed Human Res Develop,Ed Human Res Develop,3.84,3.8
endg,ENDG,ENDG - Engr Design Graphics,Engr Design Graphics,3.0,3.1
ends,ENDS,ENDS - Environmental Design,Environmental Design,3.76,3.3
engl,ENGL,ENGL - English,English,3.59,4.0
engr,ENGR,ENGR - Engineering,Engineering,3.21,3.5
enss,ENSS,ENSS - Envion Systems Science,Envion Systems Science,3.0,4.7
enst,ENST,ENST - Environmental Studies,Environmental Studies,3.0,3.0
entc,ENTC,ENTC - Engineering Technology,Engineering Technology,3.75,2.9
ento,ENTO,ENTO - Entomology,Entomology,3.5,3.8
epfb,EPFB,EPFB - Educ Psyc Field Based,Educ Psyc Field Based,3.86,4.9
epsy,EPSY,EPSY - Educational Psychology,Educational Psychology,3.67,4.6
eset,ESET,ESET - Electronic Sys Eng Tech,Electronic Sys Eng Tech,3.21,3.5
euro,EURO,EURO - European Studies,European Studies,3.0,3.0
even,EVEN,EVEN - Environmental Engr,Environmental Engr,3.6,3.7
film,FILM,FILM - Film Studies,Film Studies,3.0,3.9
finc,FINC,FINC - Finance,Finance,3.23,3.3
finp,FINP,FINP - Financial Planning,Financial Planning,3.58,4.7
fivs,FIVS,FIVS - Forensic & Inv Science,Forensic & Inv Science,3.52,3.8
fren,FREN,FREN - French,French,3.25,4.0
fsci,FSCI,FSCI - Foundational Sciences,Foundational Sciences,3.0,3.0
fstc,FSTC,FSTC - Food Science & Tech,Food Science & Tech,3.72,4.0
fyex,FYEX,FYEX - First Year Experience,First Year Experience,3.0,4.6
gene,GENE,GENE - Genetics,Genetics,3.04,3.3
geog,GEOG,GEOG - Geography,Geography,3.47,3.6
geol,GEOL,GEOL - Geology,Geology,3.45,3.9
geop,GEOP,GEOP - Geophysics,Geophysics,3.0,3.9
germ,GERM,GERM - German,German,3.61,4.2
glst,GLST,GLST - Global Studies,Global Studies,3.14,4.9
hbrw,HBRW,HBRW - Hebrew,Hebrew,3.0,3.0
hefb,HEFB,HEFB - Health Ed Field Based,Health Ed Field Based,3.0,4.6
hhum,HHUM,HHUM - Health Humanities,Health Humanities,3.0,3.0
hisp,HISP,HISP - Hispanic Studies,Hispanic Studies,3.77,3.2
hist,HIST,HIST - History,History,3.3,4.0
hlth,HLTH,HLTH - Health,Health,3.0,4.0
hmgt,HMGT,"HMGT - Hosp, Hotel Mgmt, Tour","Hosp, Hotel Mgmt, Tour",3.44,3.5
hort,HORT,HORT - Horticultural Sciences,Horticultural Sciences,3.7,4.4
huma,HUMA,HUMA - Humanities,Humanities,3.0,5.0
ibus,IBUS,IBUS - International Business,International Business,3.94,4.4
idis,IDIS,IDIS - Industrial Distribution,Industrial Distribution,3.42,3.7
inst,INST,INST - Interdisciplinary Studies,Interdisciplinary Studies,3.84,4.1
inta,INTA,INTA - International Affairs,International Affairs,3.54,4.3
isen,ISEN,ISEN - Indust & Systems Engr,Indust & Systems Engr,3.21,2.9
istm,ISTM,ISTM - Mgmt Info Systems,Mgmt Info Systems,3.48,3.3
ital,ITAL,ITAL - Italian,Italian,3.18,2.7
itde,ITDE,ITDE - Interdisciplinary Engr,Interdisciplinary Engr,3.75,2.1
itsv,ITSV,ITSV - Info Tech Service Mgmt,Info Tech Service Mgmt,3.22,3.0
japn,JAPN,JAPN - Japanese,Japanese,3.77,5.0
jour,JOUR,JOUR - Journalism,Journalism,3.64,4.5
jwst,JWST,JWST - Jewish Studies,Jewish Studies,3.91,3.4
kine,KINE,KINE - Kinesiology,Kinesiology,3.8,4.2
knfb,KNFB,KNFB - Kinesiology Field Based,Kinesiology Field Based,3.0,4.4
land,LAND,LAND - Landscape Architecture,Landscape Architecture,3.71,4.4
ling,LING,LING - Linguistics,Linguistics,3.0,3.9
lmas,LMAS,LMAS - Latino/Mex Amer Studies,Latino/Mex Amer Studies,4.0,3.3
ltps,LTPS,LTPS - Learn Tech & Perf Sys,Learn Tech & Perf Sys,3.0,3.0
mara,MARA,MARA - Maritime Administration,Maritime Administration,3.0,3.0
marb,MARB,MARB - Marine Biology,Marine Biology,3.0,3.0
mare,MARE,MARE - Marine Engr Technology,Marine Engr Technology,3.0,3.0
marr,MARR,MARR - Marine Engr Technology,Marine Engr Technology,3.0,3.0
mars,MARS,MARS - Marine Science,Marine Science,3.0,3.0
mart,MART,MART - Marine Transportation,Marine Transportation,3.0,3.0
masc,MASC,MASC - Integrated Math & Sci,Integrated Math & Sci,3.82,4.1
mase,MASE,MASE - Maritime Systems Engr,Maritime Systems Engr,3.0,3.0
mast,MAST,MAST - Maritime Studies,Maritime Studies,3.0,3.0
math,MATH,MATH - Mathematics,Mathematics,2.79,3.7
meen,MEEN,MEEN - Mechanical Engineering,Mechanical Engineering,3.45,3.3
mefb,MEFB,MEFB - Mid Grds Ed Field Based,Mid Grds Ed Field Based,3.73,4.0
meps,MEPS,MEPS - Molecular & Env Plant Sci,Molecular & Env Plant Sci,3.0,3.8
mgmt,MGMT,MGMT - Management,Management,3.28,3.5
micr,MICR,MICR - Microbiology,Microbiology,3.0,3.0
mktg,MKTG,MKTG - Marketing,Marketing,3.36,3.1
mlsc,MLSC,MLSC - Military Science,Military Science,3.8,5.0
mmet,MMET,MMET - Mfg & Mech Engr Tech,Mfg & Mech Engr Tech,3.06,3.4
modl,MODL,MODL - Modern Languages,Modern Languages,4.0,3.8
msen,MSEN,MSEN - Materials Science & Engr,Materials Science & Engr,3.22,3.0
mstc,MSTC,MSTC - Music Technology,Music Technology,3.0,5.0
mtde,MTDE,MTDE - Multidisciplinary Engr,Multidisciplinary Engr,3.62,4.0
musc,MUSC,MUSC - Music,Music,3.0,3.8
must,MUST,MUST - Museum Studies,Museum Studies,3.56,4.7
mxet,MXET,MXET - Multidiscip Engr Tech,Multidiscip Engr Tech,3.12,3.2
naut,NAUT,NAUT - Nautical Science,Nautical Science,3.0,3.0
nrsc,NRSC,NRSC - Neuroscience,Neuroscience,3.63,3.3
nuen,NUEN,NUEN - Nuclear Engineering,Nuclear Engineering,3.18,4.2
nurs,NURS,NURS - Nursing,Nursing,3.0,5.0
nutr,NUTR,NUTR - Nutrition,Nutrition,3.6,3.8
nvsc,NVSC,NVSC - Naval Science,Naval Science,3.67,4.9
ocen,OCEN,OCEN - Ocean Engineering,Ocean Engineering,3.16,4.0
ocng,OCNG,OCNG - Oceanography,Oceanography,3.58,3.8
pbsi,PBSI,PBSI - Psyc & Brain Sciences,Psyc & Brain Sciences,3.58,4.4
perf,PERF,PERF - Performance Studies,Performance Studies,3.0,4.1
pete,PETE,PETE - Petroleum Engineering,Petroleum Engineering,3.16,3.1
phil,PHIL,PHIL - Philosophy,Philosophy,3.31,3.8
phlt,PHLT,PHLT - Public Health,Public Health,3.0,3.5
phys,PHYS,PHYS - Physics,Physics,2.98,3.5
plpa,PLPA,PLPA - Plant Pathology,Plant Pathology,3.25,3.6
pols,POLS,POLS - Political Science,Political Science,3.28,3.7
port,PORT,PORT - Portuguese,Portuguese,3.0,3.0
posc,POSC,POSC - Poultry Science,Poultry Science,3.48,4.5
pvfa,PVFA,PVFA - Perf Vis Fine Arts,Perf Vis Fine Arts,3.0,4.0
rdng,RDNG,RDNG - Reading,Reading,3.76,3.8
rels,RELS,RELS - Religious Studies,Religious Studies,3.16,3.8
rpts,RPTS,"RPTS - Rec, Park & Tourism Sci","Rec, Park & Tourism Sci",3.0,3.9
russ,RUSS,RUSS - Russian,Russian,3.54,4.1
rwfm,RWFM,RWFM - Rang Wild & Fish Mgmt,Rang Wild & Fish Mgmt,3.61,4.5
scmt,SCMT,SCMT - Supply Chain Mgmt,Supply Chain Mgmt,3.4,3.3
scsc,SCSC,SCSC - Soil and Crop Sciences,Soil and Crop Sciences,3.2,4.3
sefb,SEFB,SEFB - Special Ed Field Based,Special Ed Field Based,4.0,3.0
seng,SENG,SENG - Safety Engineering,Safety Engineering,3.18,3.3
soci,SOCI,SOCI - Sociology,Sociology,3.41,3.7
soms,SOMS,SOMS - Schl of Military Sciences,Schl of Military Sciences,3.82,4.7
span,SPAN,SPAN - Spanish,Spanish,3.64,4.1
sped,SPED,SPED - Special Education,Special Education,3.89,4.6
spen,SPEN,SPEN - Space Engineering,Space Engineering,3.0,3.0
spmt,SPMT,SPMT - Sport Management,Sport Management,3.56,4.0
stat,STAT,STAT - Statistics,Statistics,3.1,3.3
tcmg,TCMG,TCMG - Technology Management,Technology Management,3.18,3.6
teed,TEED,TEED - Teacher Education,Teacher Education,3.0,4.1
tefb,TEFB,TEFB - Teacher Ed Field Based,Teacher Ed Field Based,3.92,4.2
thea,THEA,THEA - Theatre,Theatre,3.0,4.6
ugst,UGST,UGST - Undergraduate Studies,Undergraduate Studies,3.0,2.1
urpn,URPN,URPN - Urban & Reg Planning,Urban & Reg Planning,3.65,3.8
vibs,VIBS,VIBS - Vet Integrative Biosci,Vet Integrative Biosci,3.82,3.8
vist,VIST,VIST - Visual Studies,Visual Studies,3.0,3.3
vlcs,VLCS,VLCS - Vet Large Animal Clin Sc,Vet Large Animal Clin Sc,4.0,5.0
vscs,VSCS,VSCS - Vet Small Animal Clin Sc,Vet Small Animal Clin Sc,3.0,3.0
vtpb,VTPB,VTPB - Veterinary Pathobiology,Veterinary Pathobiology,3.61,3.8
vtpp,VTPP,VTPP - Vet Physiology & Pharm,Vet Physiology & Pharm,2.92,4.1
wfsc,WFSC,WFSC - Wildlife & Fisheries Sci,Wildlife & Fisheries Sci,3.0,3.6
wgst,WGST,WGST - Women's & Gender Studies,Women's & Gender Studies,3.44,3.6
zool,ZOOL,ZOOL - Zoology,Zoology,3.0,3.0
